-- phpMyAdmin SQL Dump
-- version 5.2.0
-- https://www.phpmyadmin.net/
--
-- Host: 127.0.0.1
-- Waktu pembuatan: 01 Jan 2023 pada 13.38
-- Versi server: 10.4.25-MariaDB
-- Versi PHP: 8.1.10

SET SQL_MODE = "NO_AUTO_VALUE_ON_ZERO";
START TRANSACTION;
SET time_zone = "+00:00";


/*!40101 SET @OLD_CHARACTER_SET_CLIENT=@@CHARACTER_SET_CLIENT */;
/*!40101 SET @OLD_CHARACTER_SET_RESULTS=@@CHARACTER_SET_RESULTS */;
/*!40101 SET @OLD_COLLATION_CONNECTION=@@COLLATION_CONNECTION */;
/*!40101 SET NAMES utf8mb4 */;

--
-- Database: `book_rent3`
--

-- --------------------------------------------------------

--
-- Struktur dari tabel `books`
--

CREATE TABLE `books` (
  `id` bigint(20) UNSIGNED NOT NULL,
  `book_code` varchar(255) COLLATE utf8mb4_unicode_ci NOT NULL,
  `title` varchar(255) COLLATE utf8mb4_unicode_ci NOT NULL,
  `cover` varchar(255) COLLATE utf8mb4_unicode_ci DEFAULT NULL,
  `slug` varchar(255) COLLATE utf8mb4_unicode_ci DEFAULT NULL,
  `status` varchar(255) COLLATE utf8mb4_unicode_ci NOT NULL DEFAULT 'in stock',
  `created_at` timestamp NULL DEFAULT NULL,
  `updated_at` timestamp NULL DEFAULT NULL,
  `deleted_at` timestamp NULL DEFAULT NULL
) ENGINE=InnoDB DEFAULT CHARSET=utf8mb4 COLLATE=utf8mb4_unicode_ci;

--
-- Dumping data untuk tabel `books`
--

INSERT INTO `books` (`id`, `book_code`, `title`, `cover`, `slug`, `status`, `created_at`, `updated_at`, `deleted_at`) VALUES
(1, 'A001-03', 'Bahasa Indonesia anak anak', 'Bahasa Indonesia anak anak-1672325622.jpg', 'bahasa-indonesia', 'not available', '2022-12-29 07:45:08', '2022-12-29 08:23:09', NULL),
(2, 'A001-02', 'php', '', 'php', 'in stock', '2022-12-29 07:52:47', '2022-12-29 08:13:48', NULL),
(3, 'A001-06', 'Laravel', '', 'laravel', 'in stock', '2022-12-29 08:24:09', '2022-12-29 08:29:49', NULL);

-- --------------------------------------------------------

--
-- Struktur dari tabel `book_category`
--

CREATE TABLE `book_category` (
  `id` bigint(20) UNSIGNED NOT NULL,
  `book_id` bigint(20) UNSIGNED NOT NULL,
  `category_id` bigint(20) UNSIGNED NOT NULL,
  `created_at` timestamp NULL DEFAULT NULL,
  `updated_at` timestamp NULL DEFAULT NULL
) ENGINE=InnoDB DEFAULT CHARSET=utf8mb4 COLLATE=utf8mb4_unicode_ci;

--
-- Dumping data untuk tabel `book_category`
--

INSERT INTO `book_category` (`id`, `book_id`, `category_id`, `created_at`, `updated_at`) VALUES
(1, 3, 2, NULL, NULL),
(2, 3, 3, NULL, NULL);

-- --------------------------------------------------------

--
-- Struktur dari tabel `book_writer`
--

CREATE TABLE `book_writer` (
  `id` bigint(20) UNSIGNED NOT NULL,
  `book_id` bigint(20) UNSIGNED NOT NULL,
  `writer_id` bigint(20) UNSIGNED NOT NULL,
  `created_at` timestamp NULL DEFAULT NULL,
  `updated_at` timestamp NULL DEFAULT NULL
) ENGINE=InnoDB DEFAULT CHARSET=utf8mb4 COLLATE=utf8mb4_unicode_ci;

-- --------------------------------------------------------

--
-- Struktur dari tabel `categories`
--

CREATE TABLE `categories` (
  `id` bigint(20) UNSIGNED NOT NULL,
  `name` varchar(100) COLLATE utf8mb4_unicode_ci NOT NULL,
  `slug` varchar(255) COLLATE utf8mb4_unicode_ci DEFAULT NULL,
  `created_at` timestamp NULL DEFAULT NULL,
  `updated_at` timestamp NULL DEFAULT NULL,
  `deleted_at` timestamp NULL DEFAULT NULL
) ENGINE=InnoDB DEFAULT CHARSET=utf8mb4 COLLATE=utf8mb4_unicode_ci;

--
-- Dumping data untuk tabel `categories`
--

INSERT INTO `categories` (`id`, `name`, `slug`, `created_at`, `updated_at`, `deleted_at`) VALUES
(1, 'Novel 2', 'novel-2', '2022-12-29 07:55:38', '2022-12-29 07:57:22', NULL),
(2, 'Majalah', 'majalah', '2022-12-29 07:55:38', '2022-12-29 07:55:38', NULL),
(3, 'Kamus', 'kamus', '2022-12-29 07:55:38', '2022-12-29 07:55:38', NULL),
(4, 'Komik', 'komik', '2022-12-29 07:55:38', '2022-12-29 07:55:38', NULL),
(5, 'Manga', 'manga', '2022-12-29 07:55:38', '2022-12-29 07:55:38', NULL),
(6, 'Ensiklopedia', 'ensiklopedia', '2022-12-29 07:55:38', '2022-12-29 07:55:38', NULL),
(7, 'Biografi', 'biografi', '2022-12-29 07:55:38', '2022-12-29 07:55:38', NULL),
(8, 'Naskah', 'naskah', '2022-12-29 07:55:38', '2022-12-29 07:55:38', NULL),
(9, 'Ligth novel', 'ligth-novel', '2022-12-29 07:55:38', '2022-12-29 07:55:38', NULL),
(10, 'Petualangan', 'petualangan', '2022-12-29 07:56:34', '2022-12-29 07:56:34', NULL);

-- --------------------------------------------------------

--
-- Struktur dari tabel `failed_jobs`
--

CREATE TABLE `failed_jobs` (
  `id` bigint(20) UNSIGNED NOT NULL,
  `uuid` varchar(255) COLLATE utf8mb4_unicode_ci NOT NULL,
  `connection` text COLLATE utf8mb4_unicode_ci NOT NULL,
  `queue` text COLLATE utf8mb4_unicode_ci NOT NULL,
  `payload` longtext COLLATE utf8mb4_unicode_ci NOT NULL,
  `exception` longtext COLLATE utf8mb4_unicode_ci NOT NULL,
  `failed_at` timestamp NOT NULL DEFAULT current_timestamp()
) ENGINE=InnoDB DEFAULT CHARSET=utf8mb4 COLLATE=utf8mb4_unicode_ci;

-- --------------------------------------------------------

--
-- Struktur dari tabel `migrations`
--

CREATE TABLE `migrations` (
  `id` int(10) UNSIGNED NOT NULL,
  `migration` varchar(255) COLLATE utf8mb4_unicode_ci NOT NULL,
  `batch` int(11) NOT NULL
) ENGINE=InnoDB DEFAULT CHARSET=utf8mb4 COLLATE=utf8mb4_unicode_ci;

--
-- Dumping data untuk tabel `migrations`
--

INSERT INTO `migrations` (`id`, `migration`, `batch`) VALUES
(1, '2014_10_12_000000_create_users_table', 1),
(2, '2014_10_12_100000_create_password_resets_table', 1),
(3, '2019_08_19_000000_create_failed_jobs_table', 1),
(4, '2019_12_14_000001_create_personal_access_tokens_table', 1),
(5, '2022_11_15_133140_create_categories_table', 1),
(6, '2022_11_15_133315_create_books_table', 1),
(7, '2022_11_15_142935_create_rent_logs_table', 1),
(8, '2022_11_15_152835_create_roles_table', 1),
(9, '2022_11_15_205928_add_slug_column_to_categories_table', 1),
(10, '2022_11_15_210704_change_slug_column_into_nullable_in_categories_table', 1),
(11, '2022_11_15_214409_add_soft_delete_column_to_categories_table', 1),
(12, '2022_11_15_234426_add_slug_cover_column_to_books_table', 1),
(13, '2022_11_16_131826_add_soft_delete_to_books_table', 1),
(14, '2022_11_16_143453_add_slug_to_users_table', 1),
(15, '2022_11_16_152358_add_softdelete_to_users_table', 1),
(16, '2022_11_27_072159_add_role_id_column_to_users_table', 1),
(17, '2022_11_27_095804_create_writers_table', 1),
(18, '2022_11_27_100337_add_slug_column_to_writers_table', 1),
(19, '2022_11_27_100830_add_soft_delete_column_to_writers_table', 1),
(20, '2022_11_27_102626_change_slug_column_into_nullable_in_writers_table', 1),
(21, '2022_11_28_082015_create_book_category_table', 1),
(22, '2022_12_05_094510_create_book_writer_table', 1);

-- --------------------------------------------------------

--
-- Struktur dari tabel `password_resets`
--

CREATE TABLE `password_resets` (
  `email` varchar(255) COLLATE utf8mb4_unicode_ci NOT NULL,
  `token` varchar(255) COLLATE utf8mb4_unicode_ci NOT NULL,
  `created_at` timestamp NULL DEFAULT NULL
) ENGINE=InnoDB DEFAULT CHARSET=utf8mb4 COLLATE=utf8mb4_unicode_ci;

-- --------------------------------------------------------

--
-- Struktur dari tabel `personal_access_tokens`
--

CREATE TABLE `personal_access_tokens` (
  `id` bigint(20) UNSIGNED NOT NULL,
  `tokenable_type` varchar(255) COLLATE utf8mb4_unicode_ci NOT NULL,
  `tokenable_id` bigint(20) UNSIGNED NOT NULL,
  `name` varchar(255) COLLATE utf8mb4_unicode_ci NOT NULL,
  `token` varchar(64) COLLATE utf8mb4_unicode_ci NOT NULL,
  `abilities` text COLLATE utf8mb4_unicode_ci DEFAULT NULL,
  `last_used_at` timestamp NULL DEFAULT NULL,
  `expires_at` timestamp NULL DEFAULT NULL,
  `created_at` timestamp NULL DEFAULT NULL,
  `updated_at` timestamp NULL DEFAULT NULL
) ENGINE=InnoDB DEFAULT CHARSET=utf8mb4 COLLATE=utf8mb4_unicode_ci;

-- --------------------------------------------------------

--
-- Struktur dari tabel `rent_logs`
--

CREATE TABLE `rent_logs` (
  `id` bigint(20) UNSIGNED NOT NULL,
  `user_id` bigint(20) UNSIGNED NOT NULL,
  `book_id` bigint(20) UNSIGNED NOT NULL,
  `rent_date` date NOT NULL,
  `return_date` date NOT NULL,
  `actual_return_date` date DEFAULT NULL,
  `created_at` timestamp NULL DEFAULT NULL,
  `updated_at` timestamp NULL DEFAULT NULL
) ENGINE=InnoDB DEFAULT CHARSET=utf8mb4 COLLATE=utf8mb4_unicode_ci;

--
-- Dumping data untuk tabel `rent_logs`
--

INSERT INTO `rent_logs` (`id`, `user_id`, `book_id`, `rent_date`, `return_date`, `actual_return_date`, `created_at`, `updated_at`) VALUES
(2, 218, 1, '2022-12-29', '2023-01-01', '2022-12-29', '2022-12-29 08:13:08', '2022-12-29 08:13:16'),
(3, 218, 1, '2022-12-29', '2023-01-01', NULL, '2022-12-29 08:13:29', '2022-12-29 08:13:29'),
(4, 218, 2, '2022-12-29', '2023-01-01', '2023-01-29', '2022-12-29 08:13:35', '2022-12-29 08:13:48'),
(5, 218, 3, '2022-12-29', '2023-01-01', '2022-12-29', '2022-12-29 08:29:00', '2022-12-29 08:29:49');

-- --------------------------------------------------------

--
-- Struktur dari tabel `roles`
--

CREATE TABLE `roles` (
  `id` bigint(20) UNSIGNED NOT NULL,
  `name` varchar(100) COLLATE utf8mb4_unicode_ci NOT NULL,
  `created_at` timestamp NULL DEFAULT NULL,
  `updated_at` timestamp NULL DEFAULT NULL
) ENGINE=InnoDB DEFAULT CHARSET=utf8mb4 COLLATE=utf8mb4_unicode_ci;

--
-- Dumping data untuk tabel `roles`
--

INSERT INTO `roles` (`id`, `name`, `created_at`, `updated_at`) VALUES
(1, 'admin', NULL, NULL),
(2, 'client', NULL, NULL);

-- --------------------------------------------------------

--
-- Struktur dari tabel `users`
--

CREATE TABLE `users` (
  `id` bigint(20) UNSIGNED NOT NULL,
  `username` varchar(255) COLLATE utf8mb4_unicode_ci NOT NULL,
  `slug` varchar(255) COLLATE utf8mb4_unicode_ci DEFAULT NULL,
  `password` varchar(255) COLLATE utf8mb4_unicode_ci NOT NULL,
  `phone` varchar(255) COLLATE utf8mb4_unicode_ci DEFAULT NULL,
  `address` varchar(255) COLLATE utf8mb4_unicode_ci NOT NULL,
  `status` varchar(255) COLLATE utf8mb4_unicode_ci NOT NULL DEFAULT 'inactive',
  `created_at` timestamp NULL DEFAULT NULL,
  `updated_at` timestamp NULL DEFAULT NULL,
  `deleted_at` timestamp NULL DEFAULT NULL,
  `role_id` bigint(20) UNSIGNED NOT NULL
) ENGINE=InnoDB DEFAULT CHARSET=utf8mb4 COLLATE=utf8mb4_unicode_ci;

--
-- Dumping data untuk tabel `users`
--

INSERT INTO `users` (`id`, `username`, `slug`, `password`, `phone`, `address`, `status`, `created_at`, `updated_at`, `deleted_at`, `role_id`) VALUES
(217, 'admin', 'admin', '$2y$10$aFrDfhYOyVY6LnVwxsBPv.ysoFkccJ5wyNBgIGEMUbXlJwaKRp0Hu', '1231-23', 'magetan', 'active', '2022-12-29 08:11:17', '2022-12-29 08:11:17', NULL, 1),
(218, 'ismail', 'ismail', '$2y$10$L5tA3yex6b1qgt//usTbi.qV.m0Uuel6pD6TaJhH0K0s.Cx07/gVa', '1231-23', 'samarinda', 'active', '2022-12-29 08:12:24', '2022-12-29 08:12:54', NULL, 2),
(219, 'anis', 'anis', '$2y$10$A6VimuOY7UAxzYZ.9jqi8O0l80D53.GY0peiF88amhLjpcUItmnai', '1231-23', 'magetan', 'inactive', '2022-12-29 08:18:35', '2022-12-29 08:18:35', NULL, 2),
(220, 'Adrienne ', 'adrienne', '$2y$10$8tYQu7b7wcdrd1ZjReV0auDuyGwgzGxi6GfxVLMYs2YXXBVD37Qym', '123456', 'malang', 'inactive', '2022-12-29 08:27:51', '2022-12-29 08:27:51', NULL, 2),
(221, 'Adsila  ', 'adsila', '$2y$10$h4UrvZiy8VyDcDqu5WFUreZchv1C3H7C31avCyufyb/T1QOwBGt2K', '123456', 'malang', 'inactive', '2022-12-29 08:27:51', '2022-12-29 08:27:51', NULL, 2),
(222, 'Afrah ', 'afrah', '$2y$10$38kMZOwHT05nocnBW9YK/ehyfTR.pt2eoWKN5PZTSi3OhYQRhBzLa', '123456', 'malang', 'inactive', '2022-12-29 08:27:51', '2022-12-29 08:27:51', NULL, 2),
(223, 'Agni ', 'agni', '$2y$10$wcj5p8Op7Q29exx3qhI9IOtzL6AZDGgBKZkhtLP.st1e.TrOtoluC', '123456', 'malang', 'inactive', '2022-12-29 08:27:51', '2022-12-29 08:27:51', NULL, 2),
(224, 'Aidan ', 'aidan', '$2y$10$/DoI9UAyZzoKZdFzV1PbwOyMkpFwcXiujKPPq0HcAadSZcZyh9GW2', '123456', 'malang', 'inactive', '2022-12-29 08:27:51', '2022-12-29 08:27:51', NULL, 2),
(225, 'Aiko ', 'aiko', '$2y$10$DhAufsnCVEvIBoKSKiMqge9d5RgAdme0iT89JHcGyZlNbmm4/eCFi', '123456', 'malang', 'inactive', '2022-12-29 08:27:52', '2022-12-29 08:27:52', NULL, 2),
(226, 'Aimee ', 'aimee', '$2y$10$fRa72CFhmMbR6sBjDcR6r.DjdCtikjmkB1D3n/0vfj4/WewMJAEH6', '123456', 'malang', 'inactive', '2022-12-29 08:27:52', '2022-12-29 08:27:52', NULL, 2),
(227, 'Ainiyah ', 'ainiyah', '$2y$10$aoA3stI318RL2klAG6DUuuoF/p2oFH1k2PBoqTlCI6Kpiaei7PfK.', '123456', 'malang', 'inactive', '2022-12-29 08:27:52', '2022-12-29 08:27:52', NULL, 2),
(228, 'Akash ', 'akash', '$2y$10$1YJR8yw1hsBj4..sxfdkquQaDWsGJjjsIvRGgmeSkFYOiXf9m2qHG', '123456', 'malang', 'inactive', '2022-12-29 08:27:52', '2022-12-29 08:27:52', NULL, 2),
(229, 'Akemi ', 'akemi', '$2y$10$u9kIIU3qITXLEF4MAXOUuOWO/Ye68LQG6dWxG9Q2Vg1xhCNIjKL9S', '123456', 'malang', 'inactive', '2022-12-29 08:27:52', '2022-12-29 08:27:52', NULL, 2),
(230, 'Akhdan ', 'akhdan', '$2y$10$yLtJ3zBsxyitT8coEHnqeuXtuHHxDaEr4cdWhbCuR3I/xSKXXP1Xe', '123456', 'malang', 'inactive', '2022-12-29 08:27:52', '2022-12-29 08:27:52', NULL, 2),
(231, 'Akins ', 'akins', '$2y$10$ZC3fCtI7DeyNtl65A6LPmeB6pOL0s1dfEttnrBawk/DmeCAxHefuq', '123456', 'malang', 'inactive', '2022-12-29 08:27:52', '2022-12-29 08:27:52', NULL, 2),
(232, 'Akmal ', 'akmal', '$2y$10$3V3GRSBdD1GCZbpVjj1MnOMSkuwtuUeM30tTxYMdkiWN2CH686mlS', '123456', 'malang', 'inactive', '2022-12-29 08:27:52', '2022-12-29 08:27:52', NULL, 2),
(233, 'Aksel ', 'aksel', '$2y$10$yVQ4Y6zaJY4z6Ai4qi1ukuicWensYO5BaDHALZGSHafCPdu2s0G0G', '123456', 'malang', 'inactive', '2022-12-29 08:27:53', '2022-12-29 08:27:53', NULL, 2),
(234, 'Alana ', 'alana', '$2y$10$uMz7cjm4jvMBnIF5N6K5QODoMcDn8Z0V0UobaPMiR5ZMpSzUgrkXi', '123456', 'malang', 'inactive', '2022-12-29 08:27:53', '2022-12-29 08:27:53', NULL, 2),
(235, 'Alanza ', 'alanza', '$2y$10$BT4nBOcYwmN4c/pxgGW.mOoyR3W2gJRyyT.eAxKnLZKDtI3ZGKR8m', '123456', 'malang', 'inactive', '2022-12-29 08:27:53', '2022-12-29 08:27:53', NULL, 2),
(236, 'Albern ', 'albern', '$2y$10$w79FI3x9QaZUSPWeBpxIxeMx5nv/Qw.v2JYQBNeke5UoO6jjnk4Bi', '123456', 'malang', 'inactive', '2022-12-29 08:27:53', '2022-12-29 08:27:53', NULL, 2),
(237, 'Alden ', 'alden', '$2y$10$ehlfzGfzca1dT/qsha81cedBLx0j/RiH19ijCGelAhpw3Hn1AIyHG', '123456', 'malang', 'inactive', '2022-12-29 08:27:53', '2022-12-29 08:27:53', NULL, 2),
(238, 'Aldwin ', 'aldwin', '$2y$10$bf94QTMQ0untW2UCgO3aIu2qhfDyStVhzo2alq9t/kvLWH54NCNSK', '123456', 'malang', 'inactive', '2022-12-29 08:27:54', '2022-12-29 08:27:54', NULL, 2),
(239, 'Algis ', 'algis', '$2y$10$33Q2pt2Y/49eYilR9cTd1.H75jCmHr/hXV2YMjqGIOx0.JkBBMf2C', '123456', 'malang', 'inactive', '2022-12-29 08:27:54', '2022-12-29 08:27:54', NULL, 2),
(240, 'Alib ', 'alib', '$2y$10$08.ynVZOXy/sb5upWOOBweZ./APA6yMilllDot.bBaE0mxcMoGlgC', '123456', 'malang', 'inactive', '2022-12-29 08:27:54', '2022-12-29 08:27:54', NULL, 2),
(241, 'Alifah ', 'alifah', '$2y$10$aUwPAhIr7F2dUiam04Fh7.1czbLqvuj2713ZHWXQ.l7BLE/BM.//W', '123456', 'malang', 'inactive', '2022-12-29 08:27:54', '2022-12-29 08:27:54', NULL, 2),
(242, 'Alina ', 'alina', '$2y$10$YFI1xHmt6HN0qR2rDU7Bfekz0FYXmPMUNYbCEVdaJzEiP7pEY5Tei', '123456', 'malang', 'inactive', '2022-12-29 08:27:54', '2022-12-29 08:27:54', NULL, 2),
(243, 'Aline  ', 'aline', '$2y$10$EF6g6d/J9EeDiXvYiCQVDuxnyRcMbkzdvK.gKGUxiiKjtGjQVAH8u', '123456', 'malang', 'inactive', '2022-12-29 08:27:54', '2022-12-29 08:27:54', NULL, 2),
(244, 'Alisha ', 'alisha', '$2y$10$cQJFeAZyWqBAXpo3Ypm48.bN04.vN9JmyZrmSjctGXvbjSA.Pv7xq', '123456', 'malang', 'inactive', '2022-12-29 08:27:54', '2022-12-29 08:27:54', NULL, 2),
(245, 'Almasah ', 'almasah', '$2y$10$9nw/ihQ76wStT8CFz8JsEOBL/ZB5DQXY.LEaiHcNArcmwiqpUiB1u', '123456', 'malang', 'inactive', '2022-12-29 08:27:54', '2022-12-29 08:27:54', NULL, 2),
(246, 'Almeta ', 'almeta', '$2y$10$v0BfXF/ja70WeHVWDZzB9.Y.XH07LVWqnRe2LkHwuA./IpFVOqAJy', '123456', 'malang', 'inactive', '2022-12-29 08:27:55', '2022-12-29 08:27:55', NULL, 2),
(247, 'Alvaro ', 'alvaro', '$2y$10$VFDXN0XuFa2HpdZBPsk8gOhG7.sqcRMJMj78gAonHqDxZshjnhwVu', '123456', 'malang', 'inactive', '2022-12-29 08:27:55', '2022-12-29 08:27:55', NULL, 2),
(248, 'Alvina ', 'alvina', '$2y$10$PyNU/Q39h9O1zLUgCVtMz.KFMuhE.9PGClL16Er0iTjqXYqBz1Lzi', '123456', 'malang', 'inactive', '2022-12-29 08:27:55', '2022-12-29 08:27:55', NULL, 2),
(249, 'Alvis ', 'alvis', '$2y$10$2fUF4yU3K7mYL4pmu7uofesGhv3sw9wcQSg.ssmK/ISMWUil5asoG', '123456', 'malang', 'inactive', '2022-12-29 08:27:55', '2022-12-29 08:27:55', NULL, 2),
(250, 'Amabel ', 'amabel', '$2y$10$T/sxPkoufxcVoFbStCLEwe8ogln3RGk4V.w53MjsTV4yfNJlcGACG', '123456', 'malang', 'inactive', '2022-12-29 08:27:55', '2022-12-29 08:27:55', NULL, 2),
(251, 'Amada ', 'amada', '$2y$10$w..HyLuF8sKQp08T97D2YuPtft91oJmIVtdC7oTtqb/XgicVDneOG', '123456', 'malang', 'inactive', '2022-12-29 08:27:55', '2022-12-29 08:27:55', NULL, 2),
(252, 'Amandla ', 'amandla', '$2y$10$/X7Q4ZHyWmWjIMwkrVPkueHewvDFmk.2KPStBbFtfQmPCMeQCXPLq', '123456', 'malang', 'inactive', '2022-12-29 08:27:55', '2022-12-29 08:27:55', NULL, 2),
(253, 'Amanullah ', 'amanullah', '$2y$10$TqgDAbnTa5W3QYfqE665VOR30FpE4gpOup5PumXQzTqsCdInp6TaK', '123456', 'malang', 'inactive', '2022-12-29 08:27:55', '2022-12-29 08:27:55', NULL, 2),
(254, 'Amany ', 'amany', '$2y$10$vFpB6qwc66FdYQmDLmVKpeA3ih6WYgOI8gxB05Su8gqYfdvjbWNNa', '123456', 'malang', 'inactive', '2022-12-29 08:27:55', '2022-12-29 08:27:55', NULL, 2),
(255, 'Amato ', 'amato', '$2y$10$oRNVUTMyeMU5Yh/6Gu1BTOx3MHzCpduW3QZbSDRDT0QRe8r59GDe.', '123456', 'malang', 'inactive', '2022-12-29 08:27:56', '2022-12-29 08:27:56', NULL, 2),
(256, 'Ambrose ', 'ambrose', '$2y$10$jR.JxMXixZAKJugUBjg/yOSLzdd48qSY61q16zFdE4hjtwMEq9fCa', '123456', 'malang', 'inactive', '2022-12-29 08:27:56', '2022-12-29 08:27:56', NULL, 2),
(257, 'Ames ', 'ames', '$2y$10$fULsPyO3O6hIYaLwq7ywv.FJp45z5G1lkUIyj6e78qtXjHtJQXptW', '123456', 'malang', 'inactive', '2022-12-29 08:27:56', '2022-12-29 08:27:56', NULL, 2),
(258, 'Aminah ', 'aminah', '$2y$10$wVQb4cfSig146CrefezaleYs/h/EAQqijzZObp.lVjJ3VkbHnM2FS', '123456', 'malang', 'inactive', '2022-12-29 08:27:56', '2022-12-29 08:27:56', NULL, 2),
(259, 'Amira ', 'amira', '$2y$10$h4r8lvQu3lI/uF0d0Sh8sOBxr7Qc8e1vrTtS5FDPFmeUrHi/bF1qm', '123456', 'malang', 'inactive', '2022-12-29 08:27:56', '2022-12-29 08:27:56', NULL, 2),
(260, 'Andros ', 'andros', '$2y$10$c6vqCAOp.ED7Cf3AOktqg.uJZvy4cEW35Ywxf3wZH8GfVa3bGsLSa', '123456', 'malang', 'inactive', '2022-12-29 08:27:56', '2022-12-29 08:27:56', NULL, 2),
(261, 'Anevay ', 'anevay', '$2y$10$EPDtXP27U428Xtub81SN1edzLi0VH6oRLJbM73fuRVQdx7jP1QWmu', '123456', 'malang', 'inactive', '2022-12-29 08:27:56', '2022-12-29 08:27:56', NULL, 2),
(262, 'Anisah ', 'anisah', '$2y$10$GsVkcx9tPhtyhtCoHYVzkOyOBeZCyhEBJcHdeVKhcKjw/J.RQyFzu', '123456', 'malang', 'inactive', '2022-12-29 08:27:56', '2022-12-29 08:27:56', NULL, 2),
(263, 'Anjali ', 'anjali', '$2y$10$CWDOltqhlKpxi98uBwZw..HfAugHJFKNGxsL7Trvv0CaDaaZkHAaO', '123456', 'malang', 'inactive', '2022-12-29 08:27:57', '2022-12-29 08:27:57', NULL, 2),
(264, 'Anjana ', 'anjana', '$2y$10$SqK9gT5CDmSR0tj1N3wlU.WPKCv981x.t7w9T4CcJT39cDBodky2C', '123456', 'malang', 'inactive', '2022-12-29 08:27:57', '2022-12-29 08:27:57', NULL, 2),
(265, 'Annora ', 'annora', '$2y$10$lTolg9OmCWogtda5e4wQq.KxgjCoj94zwQNPP/5R9iOOEExG3dz46', '123456', 'malang', 'inactive', '2022-12-29 08:27:57', '2022-12-29 08:27:57', NULL, 2),
(266, 'Ansel ', 'ansel', '$2y$10$/0MCy00cxjr6odADrOgod.Kfj8ZpFdrlkafs0G3aU7ciSNYkmF5A.', '123456', 'malang', 'inactive', '2022-12-29 08:27:57', '2022-12-29 08:27:57', NULL, 2),
(267, 'Antares ', 'antares', '$2y$10$pQGTTQkj0LsNFofImo0oAOmVseAwx2bYe.JX6HgGHK9nT4eOhKgOK', '123456', 'malang', 'inactive', '2022-12-29 08:27:57', '2022-12-29 08:27:57', NULL, 2),
(268, 'Anthea ', 'anthea', '$2y$10$ycAFH2OEVe/bhU/IHvBhweGGUIlMkxmq8w2WVaLRxy2K4fVWgDglu', '123456', 'malang', 'inactive', '2022-12-29 08:27:57', '2022-12-29 08:27:57', NULL, 2),
(269, 'Antonite  ', 'antonite', '$2y$10$Fkh8HmBEKqgZpc6.p9ksnuUTIiUv.endpl0dNutfajLWpk6zIkzxK', '123456', 'malang', 'inactive', '2022-12-29 08:27:57', '2022-12-29 08:27:57', NULL, 2),
(270, 'Anwar ', 'anwar', '$2y$10$8.ia.A4cv869y5eimipfY.LN8LLagen4xLnKxGOFeQGRpZ1gPEHc2', '123456', 'malang', 'inactive', '2022-12-29 08:27:58', '2022-12-29 08:27:58', NULL, 2),
(271, 'Anya ', 'anya', '$2y$10$NOgOAscEBzGGXq0a5EU1bOX6GHu0EZfCoE2ouziMbQFJOxgX9dUMu', '123456', 'malang', 'inactive', '2022-12-29 08:27:58', '2022-12-29 08:27:58', NULL, 2),
(272, 'Apuila ', 'apuila', '$2y$10$pZyHawarcUhQjjIYZ.mqq.lPybCONg3RCkzS26lq8jnLGTqEEbZ2S', '123456', 'malang', 'inactive', '2022-12-29 08:27:58', '2022-12-29 08:27:58', NULL, 2),
(273, 'Araminta ', 'araminta', '$2y$10$/gBSyir5pZSiaZK8I4F88ezmxkUEfT4Zkwnvo/QF3MCcsoS3tTAea', '123456', 'malang', 'inactive', '2022-12-29 08:27:58', '2022-12-29 08:27:58', NULL, 2),
(274, 'Ararya ', 'ararya', '$2y$10$pEob07l6JfdWB6GyzLe64u5DTHMhAqyduM3TibmuvN/KMi2bGZ1Ce', '123456', 'malang', 'inactive', '2022-12-29 08:27:58', '2022-12-29 08:27:58', NULL, 2),
(275, 'Archard ', 'archard', '$2y$10$JQNlUEhp2Bz7pYWtJqqou.pKdITBEvzAwhjRycTZW2eKtCzzZKtdq', '123456', 'malang', 'inactive', '2022-12-29 08:27:58', '2022-12-29 08:27:58', NULL, 2),
(276, 'Ardell ', 'ardell', '$2y$10$sa7xUwGObIEEaf06Bx83IuU5EuNfqZgiLrE0Vfv6AGMJLbfPO/eDW', '123456', 'malang', 'inactive', '2022-12-29 08:27:58', '2022-12-29 08:27:58', NULL, 2),
(277, 'Ardelle ', 'ardelle', '$2y$10$AqIKkzKKoObq9gBVxq9vxuOz3L5l4Hlpml/PoWXZlD91TgT6ySXTe', '123456', 'malang', 'inactive', '2022-12-29 08:27:58', '2022-12-29 08:27:58', NULL, 2),
(278, 'Ardhani ', 'ardhani', '$2y$10$QdwIdow4BVO5OhpFvJ4nK.ttYefpzdty5/Wv0IpzKqq9nL24MilAO', '123456', 'malang', 'inactive', '2022-12-29 08:27:59', '2022-12-29 08:27:59', NULL, 2),
(279, 'Ardith ', 'ardith', '$2y$10$tonMFtNOjxoKyo.LBYXRvenPHy2HiG5lqUJ9RIPDVLhzmhM.jzru2', '123456', 'malang', 'inactive', '2022-12-29 08:27:59', '2022-12-29 08:27:59', NULL, 2),
(280, 'Areta ', 'areta', '$2y$10$3e8l/42WaxITHHKRgf1PFeO7ItXmdZFGwcq2bfraji.zKYXXbEutS', '123456', 'malang', 'inactive', '2022-12-29 08:27:59', '2022-12-29 08:27:59', NULL, 2),
(281, 'Arhab ', 'arhab', '$2y$10$OaAjuA2SGyM9IcWir2GMMeza661ITR7IlGTPKzzWi4ZU5Q7oNFLDO', '123456', 'malang', 'inactive', '2022-12-29 08:27:59', '2022-12-29 08:27:59', NULL, 2),
(282, 'Ariane ', 'ariane', '$2y$10$UAziJFxsc6DcDtxcdth2YOS5d0hxOKDBw.yyGB6tk7W6ijyAgYlUm', '123456', 'malang', 'inactive', '2022-12-29 08:27:59', '2022-12-29 08:27:59', NULL, 2),
(283, 'Arij  ', 'arij', '$2y$10$ujHoj6Wk1oRxXdO1DzorAeEzo6.5RDX7ezrGhGdCt6DeDPrtSruhq', '123456', 'malang', 'inactive', '2022-12-29 08:27:59', '2022-12-29 08:27:59', NULL, 2),
(284, 'Ariti ', 'ariti', '$2y$10$MPJNxPyP6zh1xwTTeiXjMesjEoeSgb0F44ybGnd2WRrWUo47uxhbC', '123456', 'malang', 'inactive', '2022-12-29 08:27:59', '2022-12-29 08:27:59', NULL, 2),
(285, 'Armila ', 'armila', '$2y$10$USHGnBdQTUFe6cWOPH.PeeLEZfqSmmp4ltcLphW8J8oGXXib0LBlK', '123456', 'malang', 'inactive', '2022-12-29 08:27:59', '2022-12-29 08:27:59', NULL, 2),
(286, 'Arnawama ', 'arnawama', '$2y$10$2yKTBeC//Bl2bZNcsTbbPeX2Pa5EEJRPrTZL97CGhq2uk.5r8vgPS', '123456', 'malang', 'inactive', '2022-12-29 08:28:00', '2022-12-29 08:28:00', NULL, 2),
(287, 'Arsa ', 'arsa', '$2y$10$H6541.kEADx9lg1avPLM3.Fqh2ZirEuMsuV5w7xL3Rsg2m64UieCa', '123456', 'malang', 'inactive', '2022-12-29 08:28:00', '2022-12-29 08:28:00', NULL, 2),
(288, 'Aruna ', 'aruna', '$2y$10$0IXE7Jh749oeTBGaxehoL.qez0TO5R5svlIzG.S73Gbqnc1SN7.eO', '123456', 'malang', 'inactive', '2022-12-29 08:28:00', '2022-12-29 08:28:00', NULL, 2),
(289, 'Arvin ', 'arvin', '$2y$10$qdj.eU24a6ohbnmTYu4r8uE1Ctc4nNJRw7F0teKmY78jixohFadbW', '123456', 'malang', 'inactive', '2022-12-29 08:28:00', '2022-12-29 08:28:00', NULL, 2),
(290, 'Aryasatya ', 'aryasatya', '$2y$10$FacSz5b9wwH3zsPMGANJ6.K7Q45F94H5ZRb9z1iJlV3TNbfoPDwwC', '123456', 'malang', 'inactive', '2022-12-29 08:28:00', '2022-12-29 08:28:00', NULL, 2);

-- --------------------------------------------------------

--
-- Struktur dari tabel `writers`
--

CREATE TABLE `writers` (
  `id` bigint(20) UNSIGNED NOT NULL,
  `name` varchar(100) COLLATE utf8mb4_unicode_ci NOT NULL,
  `slug` varchar(255) COLLATE utf8mb4_unicode_ci DEFAULT NULL,
  `created_at` timestamp NULL DEFAULT NULL,
  `updated_at` timestamp NULL DEFAULT NULL,
  `deleted_at` timestamp NULL DEFAULT NULL
) ENGINE=InnoDB DEFAULT CHARSET=utf8mb4 COLLATE=utf8mb4_unicode_ci;

--
-- Dumping data untuk tabel `writers`
--

INSERT INTO `writers` (`id`, `name`, `slug`, `created_at`, `updated_at`, `deleted_at`) VALUES
(949, 'Aabidah ', 'aabidah', '2022-12-29 08:26:16', '2022-12-29 08:26:16', NULL),
(950, 'Aathifah ', 'aathifah', '2022-12-29 08:26:16', '2022-12-29 08:26:16', NULL),
(951, 'Abdad ', 'abdad', '2022-12-29 08:26:16', '2022-12-29 08:26:16', NULL),
(952, 'Abdiel ', 'abdiel', '2022-12-29 08:26:16', '2022-12-29 08:26:16', NULL),
(953, 'Abidah ', 'abidah', '2022-12-29 08:26:16', '2022-12-29 08:26:16', NULL),
(954, 'Adara ', 'adara', '2022-12-29 08:26:16', '2022-12-29 08:26:16', NULL),
(955, 'Adawiyah ', 'adawiyah', '2022-12-29 08:26:16', '2022-12-29 08:26:16', NULL),
(956, 'Adelard ', 'adelard', '2022-12-29 08:26:16', '2022-12-29 08:26:16', NULL),
(957, 'Adelia ', 'adelia', '2022-12-29 08:26:16', '2022-12-29 08:26:16', NULL),
(958, 'Adelio ', 'adelio', '2022-12-29 08:26:16', '2022-12-29 08:26:16', NULL),
(959, 'Adena ', 'adena', '2022-12-29 08:26:16', '2022-12-29 08:26:16', NULL),
(960, 'Adib ', 'adib', '2022-12-29 08:26:16', '2022-12-29 08:26:16', NULL),
(961, 'Adiel ', 'adiel', '2022-12-29 08:26:16', '2022-12-29 08:26:16', NULL),
(962, 'Adira ', 'adira', '2022-12-29 08:26:16', '2022-12-29 08:26:16', NULL),
(963, 'Adli ', 'adli', '2022-12-29 08:26:16', '2022-12-29 08:26:16', NULL),
(964, 'Adney ', 'adney', '2022-12-29 08:26:16', '2022-12-29 08:26:16', NULL),
(965, 'Adom ', 'adom', '2022-12-29 08:26:16', '2022-12-29 08:26:16', NULL),
(966, 'Adonia ', 'adonia', '2022-12-29 08:26:16', '2022-12-29 08:26:16', NULL),
(967, 'Adonis ', 'adonis', '2022-12-29 08:26:16', '2022-12-29 08:26:16', NULL),
(968, 'Adoria ', 'adoria', '2022-12-29 08:26:16', '2022-12-29 08:26:16', NULL),
(969, 'Adora ', 'adora', '2022-12-29 08:26:16', '2022-12-29 08:26:16', NULL),
(970, 'Adrienne ', 'adrienne', '2022-12-29 08:26:16', '2022-12-29 08:26:16', NULL),
(971, 'Adsila  ', 'adsila', '2022-12-29 08:26:16', '2022-12-29 08:26:16', NULL),
(972, 'Afrah ', 'afrah', '2022-12-29 08:26:16', '2022-12-29 08:26:16', NULL),
(973, 'Agni ', 'agni', '2022-12-29 08:26:16', '2022-12-29 08:26:16', NULL),
(974, 'Aidan ', 'aidan', '2022-12-29 08:26:16', '2022-12-29 08:26:16', NULL),
(975, 'Aiko ', 'aiko', '2022-12-29 08:26:16', '2022-12-29 08:26:16', NULL),
(976, 'Aimee ', 'aimee', '2022-12-29 08:26:16', '2022-12-29 08:26:16', NULL),
(977, 'Ainiyah ', 'ainiyah', '2022-12-29 08:26:16', '2022-12-29 08:26:16', NULL),
(978, 'Akash ', 'akash', '2022-12-29 08:26:16', '2022-12-29 08:26:16', NULL),
(979, 'Akemi ', 'akemi', '2022-12-29 08:26:16', '2022-12-29 08:26:16', NULL),
(980, 'Akhdan ', 'akhdan', '2022-12-29 08:26:16', '2022-12-29 08:26:16', NULL),
(981, 'Akins ', 'akins', '2022-12-29 08:26:16', '2022-12-29 08:26:16', NULL),
(982, 'Akmal ', 'akmal', '2022-12-29 08:26:16', '2022-12-29 08:26:16', NULL),
(983, 'Aksel ', 'aksel', '2022-12-29 08:26:16', '2022-12-29 08:26:16', NULL),
(984, 'Alana ', 'alana', '2022-12-29 08:26:16', '2022-12-29 08:26:16', NULL),
(985, 'Alanza ', 'alanza', '2022-12-29 08:26:16', '2022-12-29 08:26:16', NULL),
(986, 'Albern ', 'albern', '2022-12-29 08:26:16', '2022-12-29 08:26:16', NULL),
(987, 'Alden ', 'alden', '2022-12-29 08:26:16', '2022-12-29 08:26:16', NULL),
(988, 'Aldwin ', 'aldwin', '2022-12-29 08:26:16', '2022-12-29 08:26:16', NULL),
(989, 'Algis ', 'algis', '2022-12-29 08:26:16', '2022-12-29 08:26:16', NULL),
(990, 'Alib ', 'alib', '2022-12-29 08:26:16', '2022-12-29 08:26:16', NULL),
(991, 'Alifah ', 'alifah', '2022-12-29 08:26:16', '2022-12-29 08:26:16', NULL),
(992, 'Alina ', 'alina', '2022-12-29 08:26:16', '2022-12-29 08:26:16', NULL),
(993, 'Aline  ', 'aline', '2022-12-29 08:26:16', '2022-12-29 08:26:16', NULL),
(994, 'Alisha ', 'alisha', '2022-12-29 08:26:16', '2022-12-29 08:26:16', NULL),
(995, 'Almasah ', 'almasah', '2022-12-29 08:26:16', '2022-12-29 08:26:16', NULL),
(996, 'Almeta ', 'almeta', '2022-12-29 08:26:16', '2022-12-29 08:26:16', NULL),
(997, 'Alvaro ', 'alvaro', '2022-12-29 08:26:16', '2022-12-29 08:26:16', NULL),
(998, 'Alvina ', 'alvina', '2022-12-29 08:26:16', '2022-12-29 08:26:16', NULL),
(999, 'Alvis ', 'alvis', '2022-12-29 08:26:16', '2022-12-29 08:26:16', NULL),
(1000, 'Amabel ', 'amabel', '2022-12-29 08:26:16', '2022-12-29 08:26:16', NULL),
(1001, 'Amada ', 'amada', '2022-12-29 08:26:16', '2022-12-29 08:26:16', NULL),
(1002, 'Amandla ', 'amandla', '2022-12-29 08:26:16', '2022-12-29 08:26:16', NULL),
(1003, 'Amanullah ', 'amanullah', '2022-12-29 08:26:16', '2022-12-29 08:26:16', NULL),
(1004, 'Amany ', 'amany', '2022-12-29 08:26:16', '2022-12-29 08:26:16', NULL),
(1005, 'Amato ', 'amato', '2022-12-29 08:26:16', '2022-12-29 08:26:16', NULL),
(1006, 'Ambrose ', 'ambrose', '2022-12-29 08:26:16', '2022-12-29 08:26:16', NULL),
(1007, 'Ames ', 'ames', '2022-12-29 08:26:16', '2022-12-29 08:26:16', NULL),
(1008, 'Aminah ', 'aminah', '2022-12-29 08:26:16', '2022-12-29 08:26:16', NULL),
(1009, 'Amira ', 'amira', '2022-12-29 08:26:16', '2022-12-29 08:26:16', NULL),
(1010, 'Andros ', 'andros', '2022-12-29 08:26:16', '2022-12-29 08:26:16', NULL),
(1011, 'Anevay ', 'anevay', '2022-12-29 08:26:16', '2022-12-29 08:26:16', NULL),
(1012, 'Anisah ', 'anisah', '2022-12-29 08:26:16', '2022-12-29 08:26:16', NULL),
(1013, 'Anjali ', 'anjali', '2022-12-29 08:26:16', '2022-12-29 08:26:16', NULL),
(1014, 'Anjana ', 'anjana', '2022-12-29 08:26:16', '2022-12-29 08:26:16', NULL),
(1015, 'Annora ', 'annora', '2022-12-29 08:26:17', '2022-12-29 08:26:17', NULL),
(1016, 'Ansel ', 'ansel', '2022-12-29 08:26:17', '2022-12-29 08:26:17', NULL),
(1017, 'Antares ', 'antares', '2022-12-29 08:26:17', '2022-12-29 08:26:17', NULL),
(1018, 'Anthea ', 'anthea', '2022-12-29 08:26:17', '2022-12-29 08:26:17', NULL),
(1019, 'Antonite  ', 'antonite', '2022-12-29 08:26:17', '2022-12-29 08:26:17', NULL),
(1020, 'Anwar ', 'anwar', '2022-12-29 08:26:17', '2022-12-29 08:26:17', NULL),
(1021, 'Anya ', 'anya', '2022-12-29 08:26:17', '2022-12-29 08:26:17', NULL),
(1022, 'Apuila ', 'apuila', '2022-12-29 08:26:17', '2022-12-29 08:26:17', NULL),
(1023, 'Araminta ', 'araminta', '2022-12-29 08:26:17', '2022-12-29 08:26:17', NULL),
(1024, 'Ararya ', 'ararya', '2022-12-29 08:26:17', '2022-12-29 08:26:17', NULL),
(1025, 'Archard ', 'archard', '2022-12-29 08:26:17', '2022-12-29 08:26:17', NULL),
(1026, 'Ardell ', 'ardell', '2022-12-29 08:26:17', '2022-12-29 08:26:17', NULL),
(1027, 'Ardelle ', 'ardelle', '2022-12-29 08:26:17', '2022-12-29 08:26:17', NULL),
(1028, 'Ardhani ', 'ardhani', '2022-12-29 08:26:17', '2022-12-29 08:26:17', NULL),
(1029, 'Ardith ', 'ardith', '2022-12-29 08:26:17', '2022-12-29 08:26:17', NULL),
(1030, 'Areta ', 'areta', '2022-12-29 08:26:17', '2022-12-29 08:26:17', NULL),
(1031, 'Arhab ', 'arhab', '2022-12-29 08:26:17', '2022-12-29 08:26:17', NULL),
(1032, 'Ariane ', 'ariane', '2022-12-29 08:26:17', '2022-12-29 08:26:17', NULL),
(1033, 'Arij  ', 'arij', '2022-12-29 08:26:17', '2022-12-29 08:26:17', NULL),
(1034, 'Ariti ', 'ariti', '2022-12-29 08:26:17', '2022-12-29 08:26:17', NULL),
(1035, 'Armila ', 'armila', '2022-12-29 08:26:17', '2022-12-29 08:26:17', NULL),
(1036, 'Arnawama ', 'arnawama', '2022-12-29 08:26:17', '2022-12-29 08:26:17', NULL),
(1037, 'Arsa ', 'arsa', '2022-12-29 08:26:17', '2022-12-29 08:26:17', NULL),
(1038, 'Aruna ', 'aruna', '2022-12-29 08:26:17', '2022-12-29 08:26:17', NULL),
(1039, 'Arvin ', 'arvin', '2022-12-29 08:26:17', '2022-12-29 08:26:17', NULL),
(1040, 'Aryasatya ', 'aryasatya', '2022-12-29 08:26:17', '2022-12-29 08:26:17', NULL),
(1041, 'Asadel ', 'asadel', '2022-12-29 08:26:17', '2022-12-29 08:26:17', NULL),
(1042, 'Asahy ', 'asahy', '2022-12-29 08:26:17', '2022-12-29 08:26:17', NULL),
(1043, 'Ascarya ', 'ascarya', '2022-12-29 08:26:17', '2022-12-29 08:26:17', NULL),
(1044, 'Asker ', 'asker', '2022-12-29 08:26:17', '2022-12-29 08:26:17', NULL),
(1045, 'Athalia ', 'athalia', '2022-12-29 08:26:17', '2022-12-29 08:26:17', NULL),
(1046, 'Athifa ', 'athifa', '2022-12-29 08:26:17', '2022-12-29 08:26:17', NULL),
(1047, 'Atharwa ', 'atharwa', '2022-12-29 08:26:17', '2022-12-29 08:26:17', NULL),
(1048, 'Atid  ', 'atid', '2022-12-29 08:26:17', '2022-12-29 08:26:17', NULL),
(1049, 'Audrey ', 'audrey', '2022-12-29 08:26:17', '2022-12-29 08:26:17', NULL),
(1050, 'Aurelia ', 'aurelia', '2022-12-29 08:26:17', '2022-12-29 08:26:17', NULL),
(1051, 'Austrin ', 'austrin', '2022-12-29 08:26:17', '2022-12-29 08:26:17', NULL),
(1052, 'Avisa ', 'avisa', '2022-12-29 08:26:17', '2022-12-29 08:26:17', NULL),
(1053, 'Awahita ', 'awahita', '2022-12-29 08:26:17', '2022-12-29 08:26:17', NULL),
(1054, 'Axelle ', 'axelle', '2022-12-29 08:26:17', '2022-12-29 08:26:17', NULL),
(1055, 'Ayana ', 'ayana', '2022-12-29 08:26:17', '2022-12-29 08:26:17', NULL),
(1056, 'Aydin ', 'aydin', '2022-12-29 08:26:17', '2022-12-29 08:26:17', NULL),
(1057, 'Azalia ', 'azalia', '2022-12-29 08:26:17', '2022-12-29 08:26:17', NULL),
(1058, 'Azana ', 'azana', '2022-12-29 08:26:17', '2022-12-29 08:26:17', NULL),
(1059, 'Azhar ', 'azhar', '2022-12-29 08:26:17', '2022-12-29 08:26:17', NULL),
(1060, 'Azighah ', 'azighah', '2022-12-29 08:26:17', '2022-12-29 08:26:17', NULL),
(1061, 'Azmi ', 'azmi', '2022-12-29 08:26:17', '2022-12-29 08:26:17', NULL),
(1062, 'Azzam ', 'azzam', '2022-12-29 08:26:17', '2022-12-29 08:26:17', NULL),
(1063, 'Bahijah ', 'bahijah', '2022-12-29 08:26:17', '2022-12-29 08:26:17', NULL),
(1064, 'Bahirah ', 'bahirah', '2022-12-29 08:26:17', '2022-12-29 08:26:17', NULL),
(1065, 'Bahy ', 'bahy', '2022-12-29 08:26:17', '2022-12-29 08:26:17', NULL),
(1066, 'Balakosa ', 'balakosa', '2022-12-29 08:26:17', '2022-12-29 08:26:17', NULL),
(1067, 'Balin ', 'balin', '2022-12-29 08:26:17', '2022-12-29 08:26:17', NULL),
(1068, 'Baluku ', 'baluku', '2022-12-29 08:26:17', '2022-12-29 08:26:17', NULL),
(1069, 'Banjiro ', 'banjiro', '2022-12-29 08:26:17', '2022-12-29 08:26:17', NULL),
(1070, 'Baqir ', 'baqir', '2022-12-29 08:26:17', '2022-12-29 08:26:17', NULL),
(1071, 'Bari\'ah ', 'bari-ah', '2022-12-29 08:26:17', '2022-12-29 08:26:17', NULL),
(1072, 'Bariq ', 'bariq', '2022-12-29 08:26:17', '2022-12-29 08:26:17', NULL),
(1073, 'Barnes ', 'barnes', '2022-12-29 08:26:17', '2022-12-29 08:26:17', NULL),
(1074, 'Bashirah ', 'bashirah', '2022-12-29 08:26:17', '2022-12-29 08:26:17', NULL),
(1075, 'Basil ', 'basil', '2022-12-29 08:26:17', '2022-12-29 08:26:17', NULL),
(1076, 'Basilia ', 'basilia', '2022-12-29 08:26:17', '2022-12-29 08:26:17', NULL),
(1077, 'Basimah ', 'basimah', '2022-12-29 08:26:17', '2022-12-29 08:26:17', NULL),
(1078, 'Bassam ', 'bassam', '2022-12-29 08:26:17', '2022-12-29 08:26:17', NULL),
(1079, 'Basyirah ', 'basyirah', '2022-12-29 08:26:17', '2022-12-29 08:26:17', NULL),
(1080, 'Bawika ', 'bawika', '2022-12-29 08:26:17', '2022-12-29 08:26:17', NULL),
(1081, 'Bayanaka ', 'bayanaka', '2022-12-29 08:26:17', '2022-12-29 08:26:17', NULL),
(1082, 'Bazyli ', 'bazyli', '2022-12-29 08:26:17', '2022-12-29 08:26:17', NULL),
(1083, 'Belicia ', 'belicia', '2022-12-29 08:26:17', '2022-12-29 08:26:17', NULL),
(1084, 'Belva  ', 'belva', '2022-12-29 08:26:17', '2022-12-29 08:26:17', NULL),
(1085, 'Belva ', 'belva-2', '2022-12-29 08:26:17', '2022-12-29 08:26:17', NULL),
(1086, 'Berly ', 'berly', '2022-12-29 08:26:17', '2022-12-29 08:26:17', NULL),
(1087, 'Bernessa ', 'bernessa', '2022-12-29 08:26:17', '2022-12-29 08:26:17', NULL),
(1088, 'Bertin ', 'bertin', '2022-12-29 08:26:17', '2022-12-29 08:26:17', NULL),
(1089, 'Berwin ', 'berwin', '2022-12-29 08:26:17', '2022-12-29 08:26:17', NULL),
(1090, 'Berwyn ', 'berwyn', '2022-12-29 08:26:17', '2022-12-29 08:26:17', NULL),
(1091, 'Beryl ', 'beryl', '2022-12-29 08:26:17', '2022-12-29 08:26:17', NULL),
(1092, 'Bhadra ', 'bhadra', '2022-12-29 08:26:17', '2022-12-29 08:26:17', NULL),
(1093, 'Bhadrika ', 'bhadrika', '2022-12-29 08:26:17', '2022-12-29 08:26:17', NULL),
(1094, 'Birney ', 'birney', '2022-12-29 08:26:17', '2022-12-29 08:26:17', NULL),
(1095, 'Blenda ', 'blenda', '2022-12-29 08:26:17', '2022-12-29 08:26:17', NULL),
(1096, 'Blythe ', 'blythe', '2022-12-29 08:26:17', '2022-12-29 08:26:17', NULL),
(1097, 'Bonaro ', 'bonaro', '2022-12-29 08:26:17', '2022-12-29 08:26:17', NULL),
(1098, 'Bryna ', 'bryna', '2022-12-29 08:26:17', '2022-12-29 08:26:17', NULL),
(1099, 'Buckley ', 'buckley', '2022-12-29 08:26:17', '2022-12-29 08:26:17', NULL),
(1100, 'Buntala ', 'buntala', '2022-12-29 08:26:17', '2022-12-29 08:26:17', NULL),
(1101, 'Burairah ', 'burairah', '2022-12-29 08:26:17', '2022-12-29 08:26:17', NULL),
(1102, 'Byakta ', 'byakta', '2022-12-29 08:26:17', '2022-12-29 08:26:17', NULL),
(1103, 'Cadudasa  ', 'cadudasa', '2022-12-29 08:26:17', '2022-12-29 08:26:17', NULL),
(1104, 'Callysta ', 'callysta', '2022-12-29 08:26:17', '2022-12-29 08:26:17', NULL),
(1105, 'Calya ', 'calya', '2022-12-29 08:26:17', '2022-12-29 08:26:17', NULL),
(1106, 'Camilo ', 'camilo', '2022-12-29 08:26:17', '2022-12-29 08:26:17', NULL),
(1107, 'Candida ', 'candida', '2022-12-29 08:26:17', '2022-12-29 08:26:17', NULL),
(1108, 'Carissa ', 'carissa', '2022-12-29 08:26:17', '2022-12-29 08:26:17', NULL),
(1109, 'Carlen ', 'carlen', '2022-12-29 08:26:17', '2022-12-29 08:26:17', NULL),
(1110, 'Carlene ', 'carlene', '2022-12-29 08:26:17', '2022-12-29 08:26:17', NULL),
(1111, 'Carlin ', 'carlin', '2022-12-29 08:26:17', '2022-12-29 08:26:17', NULL),
(1112, 'Carney ', 'carney', '2022-12-29 08:26:17', '2022-12-29 08:26:17', NULL),
(1113, 'Carola ', 'carola', '2022-12-29 08:26:17', '2022-12-29 08:26:17', NULL),
(1114, 'Cascata ', 'cascata', '2022-12-29 08:26:17', '2022-12-29 08:26:17', NULL),
(1115, 'Casey ', 'casey', '2022-12-29 08:26:17', '2022-12-29 08:26:17', NULL),
(1116, 'Casimira ', 'casimira', '2022-12-29 08:26:17', '2022-12-29 08:26:17', NULL),
(1117, 'Cathilin ', 'cathilin', '2022-12-29 08:26:17', '2022-12-29 08:26:17', NULL),
(1118, 'Catra  ', 'catra', '2022-12-29 08:26:17', '2022-12-29 08:26:17', NULL),
(1119, 'Catriona ', 'catriona', '2022-12-29 08:26:17', '2022-12-29 08:26:17', NULL),
(1120, 'Celena ', 'celena', '2022-12-29 08:26:17', '2022-12-29 08:26:17', NULL),
(1121, 'Celesta ', 'celesta', '2022-12-29 08:26:17', '2022-12-29 08:26:17', NULL),
(1122, 'Celestyn ', 'celestyn', '2022-12-29 08:26:17', '2022-12-29 08:26:17', NULL),
(1123, 'Cetta ', 'cetta', '2022-12-29 08:26:17', '2022-12-29 08:26:17', NULL),
(1124, 'Changyi ', 'changyi', '2022-12-29 08:26:17', '2022-12-29 08:26:17', NULL),
(1125, 'Charemon ', 'charemon', '2022-12-29 08:26:17', '2022-12-29 08:26:17', NULL),
(1126, 'Charis ', 'charis', '2022-12-29 08:26:17', '2022-12-29 08:26:17', NULL),
(1127, 'Chastine ', 'chastine', '2022-12-29 08:26:17', '2022-12-29 08:26:17', NULL),
(1128, 'Chenoa ', 'chenoa', '2022-12-29 08:26:17', '2022-12-29 08:26:17', NULL),
(1129, 'Chesna ', 'chesna', '2022-12-29 08:26:17', '2022-12-29 08:26:17', NULL),
(1130, 'Chiara ', 'chiara', '2022-12-29 08:26:17', '2022-12-29 08:26:17', NULL),
(1131, 'Chiko ', 'chiko', '2022-12-29 08:26:17', '2022-12-29 08:26:17', NULL),
(1132, 'Chindaga ', 'chindaga', '2022-12-29 08:26:17', '2022-12-29 08:26:17', NULL),
(1133, 'Chumani  ', 'chumani', '2022-12-29 08:26:17', '2022-12-29 08:26:17', NULL),
(1134, 'Cicely ', 'cicely', '2022-12-29 08:26:17', '2022-12-29 08:26:17', NULL),
(1135, 'Cira ', 'cira', '2022-12-29 08:26:17', '2022-12-29 08:26:17', NULL),
(1136, 'Clarance ', 'clarance', '2022-12-29 08:26:17', '2022-12-29 08:26:17', NULL),
(1137, 'Clarinta ', 'clarinta', '2022-12-29 08:26:17', '2022-12-29 08:26:17', NULL),
(1138, 'Clearesta ', 'clearesta', '2022-12-29 08:26:17', '2022-12-29 08:26:17', NULL),
(1139, 'Cleine ', 'cleine', '2022-12-29 08:26:17', '2022-12-29 08:26:17', NULL),
(1140, 'Cleon ', 'cleon', '2022-12-29 08:26:17', '2022-12-29 08:26:17', NULL),
(1141, 'Cleonima ', 'cleonima', '2022-12-29 08:26:17', '2022-12-29 08:26:17', NULL),
(1142, 'Cleosa ', 'cleosa', '2022-12-29 08:26:17', '2022-12-29 08:26:17', NULL),
(1143, 'Clianta ', 'clianta', '2022-12-29 08:26:17', '2022-12-29 08:26:17', NULL),
(1144, 'Clorinda ', 'clorinda', '2022-12-29 08:26:17', '2022-12-29 08:26:17', NULL),
(1145, 'Cloris ', 'cloris', '2022-12-29 08:26:17', '2022-12-29 08:26:17', NULL),
(1146, 'Clovis ', 'clovis', '2022-12-29 08:26:17', '2022-12-29 08:26:17', NULL),
(1147, 'Cmille ', 'cmille', '2022-12-29 08:26:17', '2022-12-29 08:26:17', NULL),
(1148, 'Conan ', 'conan', '2022-12-29 08:26:17', '2022-12-29 08:26:17', NULL),
(1149, 'Conary ', 'conary', '2022-12-29 08:26:17', '2022-12-29 08:26:17', NULL),
(1150, 'Concordia ', 'concordia', '2022-12-29 08:26:17', '2022-12-29 08:26:17', NULL),
(1151, 'Cordelia ', 'cordelia', '2022-12-29 08:26:17', '2022-12-29 08:26:17', NULL),
(1152, 'Cosmo ', 'cosmo', '2022-12-29 08:26:17', '2022-12-29 08:26:17', NULL),
(1153, 'Cottina ', 'cottina', '2022-12-29 08:26:17', '2022-12-29 08:26:17', NULL),
(1154, 'Curtina ', 'curtina', '2022-12-29 08:26:17', '2022-12-29 08:26:17', NULL),
(1155, 'Cyma ', 'cyma', '2022-12-29 08:26:17', '2022-12-29 08:26:17', NULL),
(1156, 'Dagna ', 'dagna', '2022-12-29 08:26:17', '2022-12-29 08:26:17', NULL),
(1157, 'Dahayu ', 'dahayu', '2022-12-29 08:26:17', '2022-12-29 08:26:17', NULL),
(1158, 'Daiva ', 'daiva', '2022-12-29 08:26:17', '2022-12-29 08:26:17', NULL),
(1159, 'Dakari ', 'dakari', '2022-12-29 08:26:17', '2022-12-29 08:26:17', NULL),
(1160, 'Daksayini ', 'daksayini', '2022-12-29 08:26:17', '2022-12-29 08:26:17', NULL),
(1161, 'Daliyah ', 'daliyah', '2022-12-29 08:26:17', '2022-12-29 08:26:17', NULL),
(1162, 'Damara ', 'damara', '2022-12-29 08:26:17', '2022-12-29 08:26:17', NULL),
(1163, 'Damita ', 'damita', '2022-12-29 08:26:17', '2022-12-29 08:26:17', NULL),
(1164, 'Danadyaksa ', 'danadyaksa', '2022-12-29 08:26:17', '2022-12-29 08:26:17', NULL),
(1165, 'Danah ', 'danah', '2022-12-29 08:26:17', '2022-12-29 08:26:17', NULL),
(1166, 'Danakitri ', 'danakitri', '2022-12-29 08:26:17', '2022-12-29 08:26:17', NULL),
(1167, 'Danella ', 'danella', '2022-12-29 08:26:17', '2022-12-29 08:26:17', NULL),
(1168, 'Darda ', 'darda', '2022-12-29 08:26:17', '2022-12-29 08:26:17', NULL),
(1169, 'Darlene ', 'darlene', '2022-12-29 08:26:17', '2022-12-29 08:26:17', NULL),
(1170, 'Darpa ', 'darpa', '2022-12-29 08:26:17', '2022-12-29 08:26:17', NULL),
(1171, 'Darrell ', 'darrell', '2022-12-29 08:26:17', '2022-12-29 08:26:17', NULL),
(1172, 'Davu ', 'davu', '2022-12-29 08:26:17', '2022-12-29 08:26:17', NULL),
(1173, 'Dayita ', 'dayita', '2022-12-29 08:26:17', '2022-12-29 08:26:17', NULL),
(1174, 'Deana ', 'deana', '2022-12-29 08:26:17', '2022-12-29 08:26:17', NULL),
(1175, 'Delmora ', 'delmora', '2022-12-29 08:26:17', '2022-12-29 08:26:17', NULL),
(1176, 'Delvin  ', 'delvin', '2022-12-29 08:26:17', '2022-12-29 08:26:17', NULL),
(1177, 'Demas ', 'demas', '2022-12-29 08:26:17', '2022-12-29 08:26:17', NULL),
(1178, 'Demetria ', 'demetria', '2022-12-29 08:26:17', '2022-12-29 08:26:17', NULL),
(1179, 'Dennis ', 'dennis', '2022-12-29 08:26:17', '2022-12-29 08:26:17', NULL),
(1180, 'Deron ', 'deron', '2022-12-29 08:26:17', '2022-12-29 08:26:17', NULL),
(1181, 'Deshi ', 'deshi', '2022-12-29 08:26:17', '2022-12-29 08:26:17', NULL),
(1182, 'Deven ', 'deven', '2022-12-29 08:26:17', '2022-12-29 08:26:17', NULL),
(1183, 'Devin ', 'devin', '2022-12-29 08:26:17', '2022-12-29 08:26:17', NULL),
(1184, 'Dhahir ', 'dhahir', '2022-12-29 08:26:17', '2022-12-29 08:26:17', NULL),
(1185, 'Didrika ', 'didrika', '2022-12-29 08:26:17', '2022-12-29 08:26:17', NULL),
(1186, 'Digdaya ', 'digdaya', '2022-12-29 08:26:17', '2022-12-29 08:26:17', NULL),
(1187, 'Dihyan ', 'dihyan', '2022-12-29 08:26:17', '2022-12-29 08:26:17', NULL),
(1188, 'Dimas (z) ', 'dimas-z', '2022-12-29 08:26:17', '2022-12-29 08:26:17', NULL),
(1189, 'Diwei ', 'diwei', '2022-12-29 08:26:17', '2022-12-29 08:26:17', NULL),
(1190, 'Dobry ', 'dobry', '2022-12-29 08:26:17', '2022-12-29 08:26:17', NULL),
(1191, 'Dolores ', 'dolores', '2022-12-29 08:26:17', '2022-12-29 08:26:17', NULL),
(1192, 'Donahue ', 'donahue', '2022-12-29 08:26:17', '2022-12-29 08:26:17', NULL),
(1193, 'Donatien ', 'donatien', '2022-12-29 08:26:17', '2022-12-29 08:26:17', NULL),
(1194, 'Dongsheng ', 'dongsheng', '2022-12-29 08:26:17', '2022-12-29 08:26:17', NULL),
(1195, 'Dorinda ', 'dorinda', '2022-12-29 08:26:17', '2022-12-29 08:26:17', NULL),
(1196, 'Durriyah ', 'durriyah', '2022-12-29 08:26:17', '2022-12-29 08:26:17', NULL),
(1197, 'Dyani ', 'dyani', '2022-12-29 08:26:17', '2022-12-29 08:26:17', NULL),
(1198, 'Dzakwan ', 'dzakwan', '2022-12-29 08:26:17', '2022-12-29 08:26:17', NULL),
(1199, 'Dzaky ', 'dzaky', '2022-12-29 08:26:17', '2022-12-29 08:26:17', NULL),
(1200, 'Earlene ', 'earlene', '2022-12-29 08:26:17', '2022-12-29 08:26:17', NULL),
(1201, 'Edgina ', 'edgina', '2022-12-29 08:26:17', '2022-12-29 08:26:17', NULL),
(1202, 'Edsel ', 'edsel', '2022-12-29 08:26:17', '2022-12-29 08:26:17', NULL),
(1203, 'Eldora ', 'eldora', '2022-12-29 08:26:17', '2022-12-29 08:26:17', NULL),
(1204, 'Eleanor ', 'eleanor', '2022-12-29 08:26:17', '2022-12-29 08:26:17', NULL),
(1205, 'Elfreda ', 'elfreda', '2022-12-29 08:26:17', '2022-12-29 08:26:17', NULL),
(1206, 'Elfrida ', 'elfrida', '2022-12-29 08:26:17', '2022-12-29 08:26:17', NULL),
(1207, 'Ellard ', 'ellard', '2022-12-29 08:26:17', '2022-12-29 08:26:17', NULL),
(1208, 'Elma ', 'elma', '2022-12-29 08:26:17', '2022-12-29 08:26:17', NULL),
(1209, 'Elora ', 'elora', '2022-12-29 08:26:17', '2022-12-29 08:26:17', NULL),
(1210, 'Elpida ', 'elpida', '2022-12-29 08:26:17', '2022-12-29 08:26:17', NULL),
(1211, 'Elroy ', 'elroy', '2022-12-29 08:26:17', '2022-12-29 08:26:17', NULL),
(1212, 'Elsdon ', 'elsdon', '2022-12-29 08:26:17', '2022-12-29 08:26:17', NULL),
(1213, 'Elvaretta ', 'elvaretta', '2022-12-29 08:26:17', '2022-12-29 08:26:17', NULL),
(1214, 'Elvia ', 'elvia', '2022-12-29 08:26:17', '2022-12-29 08:26:17', NULL),
(1215, 'Elvina ', 'elvina', '2022-12-29 08:26:17', '2022-12-29 08:26:17', NULL),
(1216, 'Elysia  ', 'elysia', '2022-12-29 08:26:17', '2022-12-29 08:26:17', NULL),
(1217, 'Emery ', 'emery', '2022-12-29 08:26:17', '2022-12-29 08:26:17', NULL),
(1218, 'Engrasia ', 'engrasia', '2022-12-29 08:26:17', '2022-12-29 08:26:17', NULL),
(1219, 'Enzi ', 'enzi', '2022-12-29 08:26:17', '2022-12-29 08:26:17', NULL),
(1220, 'Erasma ', 'erasma', '2022-12-29 08:26:17', '2022-12-29 08:26:17', NULL),
(1221, 'Eratus ', 'eratus', '2022-12-29 08:26:17', '2022-12-29 08:26:17', NULL),
(1222, 'Erland ', 'erland', '2022-12-29 08:26:17', '2022-12-29 08:26:17', NULL),
(1223, 'Erlinda ', 'erlinda', '2022-12-29 08:26:17', '2022-12-29 08:26:17', NULL),
(1224, 'Erling ', 'erling', '2022-12-29 08:26:17', '2022-12-29 08:26:17', NULL),
(1225, 'Ermina ', 'ermina', '2022-12-29 08:26:17', '2022-12-29 08:26:17', NULL),
(1226, 'Erol ', 'erol', '2022-12-29 08:26:17', '2022-12-29 08:26:17', NULL),
(1227, 'Ervanthe ', 'ervanthe', '2022-12-29 08:26:17', '2022-12-29 08:26:17', NULL),
(1228, 'Ethana ', 'ethana', '2022-12-29 08:26:17', '2022-12-29 08:26:17', NULL),
(1229, 'Eustacia ', 'eustacia', '2022-12-29 08:26:17', '2022-12-29 08:26:17', NULL),
(1230, 'Evania ', 'evania', '2022-12-29 08:26:17', '2022-12-29 08:26:17', NULL),
(1231, 'Evanthe ', 'evanthe', '2022-12-29 08:26:17', '2022-12-29 08:26:17', NULL),
(1232, 'Faadhilah  ', 'faadhilah', '2022-12-29 08:26:17', '2022-12-29 08:26:17', NULL),
(1233, 'Fadey ', 'fadey', '2022-12-29 08:26:17', '2022-12-29 08:26:17', NULL),
(1234, 'Fadhilah ', 'fadhilah', '2022-12-29 08:26:17', '2022-12-29 08:26:17', NULL),
(1235, 'Fakhirah ', 'fakhirah', '2022-12-29 08:26:17', '2022-12-29 08:26:17', NULL),
(1236, 'Fakinah ', 'fakinah', '2022-12-29 08:26:17', '2022-12-29 08:26:17', NULL),
(1237, 'Fallon ', 'fallon', '2022-12-29 08:26:17', '2022-12-29 08:26:17', NULL),
(1238, 'Farand ', 'farand', '2022-12-29 08:26:17', '2022-12-29 08:26:17', NULL),
(1239, 'Farhan ', 'farhan', '2022-12-29 08:26:17', '2022-12-29 08:26:17', NULL),
(1240, 'Farhanah ', 'farhanah', '2022-12-29 08:26:17', '2022-12-29 08:26:17', NULL),
(1241, 'Farica ', 'farica', '2022-12-29 08:26:17', '2022-12-29 08:26:17', NULL),
(1242, 'Farrell ', 'farrell', '2022-12-29 08:26:17', '2022-12-29 08:26:17', NULL),
(1243, 'Faste ', 'faste', '2022-12-29 08:26:17', '2022-12-29 08:26:17', NULL),
(1244, 'Fathi ', 'fathi', '2022-12-29 08:26:17', '2022-12-29 08:26:17', NULL),
(1245, 'Fathinah ', 'fathinah', '2022-12-29 08:26:17', '2022-12-29 08:26:17', NULL),
(1246, 'Fausta ', 'fausta', '2022-12-29 08:26:17', '2022-12-29 08:26:17', NULL),
(1247, 'Faustine ', 'faustine', '2022-12-29 08:26:17', '2022-12-29 08:26:17', NULL),
(1248, 'Fauziyyah ', 'fauziyyah', '2022-12-29 08:26:17', '2022-12-29 08:26:17', NULL),
(1249, 'Fawnia ', 'fawnia', '2022-12-29 08:26:17', '2022-12-29 08:26:17', NULL),
(1250, 'Fawwaz ', 'fawwaz', '2022-12-29 08:26:17', '2022-12-29 08:26:17', NULL),
(1251, 'Fayola ', 'fayola', '2022-12-29 08:26:17', '2022-12-29 08:26:17', NULL),
(1252, 'Fedora  ', 'fedora', '2022-12-29 08:26:17', '2022-12-29 08:26:17', NULL),
(1253, 'Felda ', 'felda', '2022-12-29 08:26:17', '2022-12-29 08:26:17', NULL),
(1254, 'Fengguang ', 'fengguang', '2022-12-29 08:26:17', '2022-12-29 08:26:17', NULL),
(1255, 'Fengying ', 'fengying', '2022-12-29 08:26:17', '2022-12-29 08:26:17', NULL),
(1256, 'Feodora ', 'feodora', '2022-12-29 08:26:17', '2022-12-29 08:26:17', NULL),
(1257, 'Ferris ', 'ferris', '2022-12-29 08:26:17', '2022-12-29 08:26:17', NULL),
(1258, 'Fidela ', 'fidela', '2022-12-29 08:26:17', '2022-12-29 08:26:17', NULL),
(1259, 'Fidelya ', 'fidelya', '2022-12-29 08:26:17', '2022-12-29 08:26:17', NULL),
(1260, 'Filbert ', 'filbert', '2022-12-29 08:26:17', '2022-12-29 08:26:17', NULL),
(1261, 'Filia ', 'filia', '2022-12-29 08:26:17', '2022-12-29 08:26:17', NULL),
(1262, 'Fiorenza ', 'fiorenza', '2022-12-29 08:26:17', '2022-12-29 08:26:17', NULL),
(1263, 'Freda ', 'freda', '2022-12-29 08:26:17', '2022-12-29 08:26:17', NULL),
(1264, 'Fredelina ', 'fredelina', '2022-12-29 08:26:17', '2022-12-29 08:26:17', NULL),
(1265, 'Fredella ', 'fredella', '2022-12-29 08:26:17', '2022-12-29 08:26:17', NULL),
(1266, 'Frederika ', 'frederika', '2022-12-29 08:26:17', '2022-12-29 08:26:17', NULL),
(1267, 'Frieda ', 'frieda', '2022-12-29 08:26:17', '2022-12-29 08:26:17', NULL),
(1268, 'Frodine ', 'frodine', '2022-12-29 08:26:17', '2022-12-29 08:26:17', NULL),
(1269, 'Fruma ', 'fruma', '2022-12-29 08:26:17', '2022-12-29 08:26:17', NULL),
(1270, 'Gadi ', 'gadi', '2022-12-29 08:26:17', '2022-12-29 08:26:17', NULL),
(1271, 'Galen ', 'galen', '2022-12-29 08:26:17', '2022-12-29 08:26:17', NULL),
(1272, 'Galena ', 'galena', '2022-12-29 08:26:17', '2022-12-29 08:26:17', NULL),
(1273, 'Galeno ', 'galeno', '2022-12-29 08:26:17', '2022-12-29 08:26:17', NULL),
(1274, 'Ganendra ', 'ganendra', '2022-12-29 08:26:17', '2022-12-29 08:26:17', NULL),
(1275, 'Gantari ', 'gantari', '2022-12-29 08:26:17', '2022-12-29 08:26:17', NULL),
(1276, 'Gaoqi ', 'gaoqi', '2022-12-29 08:26:17', '2022-12-29 08:26:17', NULL),
(1277, 'Gaozhan ', 'gaozhan', '2022-12-29 08:26:17', '2022-12-29 08:26:17', NULL),
(1278, 'Garini ', 'garini', '2022-12-29 08:26:17', '2022-12-29 08:26:17', NULL),
(1279, 'Garneta ', 'garneta', '2022-12-29 08:26:17', '2022-12-29 08:26:17', NULL),
(1280, 'Garwita ', 'garwita', '2022-12-29 08:26:17', '2022-12-29 08:26:17', NULL),
(1281, 'Gatawati ', 'gatawati', '2022-12-29 08:26:17', '2022-12-29 08:26:17', NULL),
(1282, 'Gavin ', 'gavin', '2022-12-29 08:26:17', '2022-12-29 08:26:17', NULL),
(1283, 'Gaviota ', 'gaviota', '2022-12-29 08:26:17', '2022-12-29 08:26:17', NULL),
(1284, 'Gavrila  ', 'gavrila', '2022-12-29 08:26:17', '2022-12-29 08:26:17', NULL),
(1285, 'Gene ', 'gene', '2022-12-29 08:26:17', '2022-12-29 08:26:17', NULL),
(1286, 'Gentala ', 'gentala', '2022-12-29 08:26:17', '2022-12-29 08:26:17', NULL),
(1287, 'Ghadah ', 'ghadah', '2022-12-29 08:26:18', '2022-12-29 08:26:18', NULL),
(1288, 'Ghufron ', 'ghufron', '2022-12-29 08:26:18', '2022-12-29 08:26:18', NULL),
(1289, 'Gilda ', 'gilda', '2022-12-29 08:26:18', '2022-12-29 08:26:18', NULL),
(1290, 'Gladwin ', 'gladwin', '2022-12-29 08:26:18', '2022-12-29 08:26:18', NULL),
(1291, 'Godwin ', 'godwin', '2022-12-29 08:26:18', '2022-12-29 08:26:18', NULL),
(1292, 'Gonza ', 'gonza', '2022-12-29 08:26:18', '2022-12-29 08:26:18', NULL),
(1293, 'Grania ', 'grania', '2022-12-29 08:26:18', '2022-12-29 08:26:18', NULL),
(1294, 'Grimonia ', 'grimonia', '2022-12-29 08:26:18', '2022-12-29 08:26:18', NULL),
(1295, 'Griselda ', 'griselda', '2022-12-29 08:26:18', '2022-12-29 08:26:18', NULL),
(1296, 'Gustin ', 'gustin', '2022-12-29 08:26:18', '2022-12-29 08:26:18', NULL),
(1297, 'Gyala ', 'gyala', '2022-12-29 08:26:18', '2022-12-29 08:26:18', NULL),
(1298, 'Habibah ', 'habibah', '2022-12-29 08:26:18', '2022-12-29 08:26:18', NULL),
(1299, 'Habibi ', 'habibi', '2022-12-29 08:26:18', '2022-12-29 08:26:18', NULL),
(1300, 'Hadrian ', 'hadrian', '2022-12-29 08:26:18', '2022-12-29 08:26:18', NULL),
(1301, 'Hafidhah ', 'hafidhah', '2022-12-29 08:26:18', '2022-12-29 08:26:18', NULL),
(1302, 'Hagan ', 'hagan', '2022-12-29 08:26:18', '2022-12-29 08:26:18', NULL),
(1303, 'Hagon ', 'hagon', '2022-12-29 08:26:18', '2022-12-29 08:26:18', NULL),
(1304, 'Haibah ', 'haibah', '2022-12-29 08:26:18', '2022-12-29 08:26:18', NULL),
(1305, 'Haidar ', 'haidar', '2022-12-29 08:26:18', '2022-12-29 08:26:18', NULL),
(1306, 'Haiyun ', 'haiyun', '2022-12-29 08:26:18', '2022-12-29 08:26:18', NULL),
(1307, 'Hakimah ', 'hakimah', '2022-12-29 08:26:18', '2022-12-29 08:26:18', NULL),
(1308, 'Haldis ', 'haldis', '2022-12-29 08:26:18', '2022-12-29 08:26:18', NULL),
(1309, 'Haley ', 'haley', '2022-12-29 08:26:18', '2022-12-29 08:26:18', NULL),
(1310, 'Hali ', 'hali', '2022-12-29 08:26:18', '2022-12-29 08:26:18', NULL),
(1311, 'Halona ', 'halona', '2022-12-29 08:26:18', '2022-12-29 08:26:18', NULL),
(1312, 'Hamamah ', 'hamamah', '2022-12-29 08:26:18', '2022-12-29 08:26:18', NULL),
(1313, 'Hamdan ', 'hamdan', '2022-12-29 08:26:18', '2022-12-29 08:26:18', NULL),
(1314, 'Hamdi ', 'hamdi', '2022-12-29 08:26:18', '2022-12-29 08:26:18', NULL),
(1315, 'Hamilah ', 'hamilah', '2022-12-29 08:26:18', '2022-12-29 08:26:18', NULL),
(1316, 'Hana\' ', 'hana', '2022-12-29 08:26:18', '2022-12-29 08:26:18', NULL),
(1317, 'Hanan ', 'hanan', '2022-12-29 08:26:18', '2022-12-29 08:26:18', NULL),
(1318, 'Hanbal ', 'hanbal', '2022-12-29 08:26:18', '2022-12-29 08:26:18', NULL),
(1319, 'Handaru ', 'handaru', '2022-12-29 08:26:18', '2022-12-29 08:26:18', NULL),
(1320, 'Hannah ', 'hannah', '2022-12-29 08:26:18', '2022-12-29 08:26:18', NULL),
(1321, 'Hansa ', 'hansa', '2022-12-29 08:26:18', '2022-12-29 08:26:18', NULL),
(1322, 'Haocun ', 'haocun', '2022-12-29 08:26:18', '2022-12-29 08:26:18', NULL),
(1323, 'Hara ', 'hara', '2022-12-29 08:26:18', '2022-12-29 08:26:18', NULL),
(1324, 'Harding ', 'harding', '2022-12-29 08:26:18', '2022-12-29 08:26:18', NULL),
(1325, 'Harina ', 'harina', '2022-12-29 08:26:18', '2022-12-29 08:26:18', NULL),
(1326, 'Haruko ', 'haruko', '2022-12-29 08:26:18', '2022-12-29 08:26:18', NULL),
(1327, 'Haruni ', 'haruni', '2022-12-29 08:26:18', '2022-12-29 08:26:18', NULL),
(1328, 'Hasna ', 'hasna', '2022-12-29 08:26:18', '2022-12-29 08:26:18', NULL),
(1329, 'Hauda ', 'hauda', '2022-12-29 08:26:18', '2022-12-29 08:26:18', NULL),
(1330, 'Hazimzh  ', 'hazimzh', '2022-12-29 08:26:18', '2022-12-29 08:26:18', NULL),
(1331, 'Hector ', 'hector', '2022-12-29 08:26:18', '2022-12-29 08:26:18', NULL),
(1332, 'Hedona ', 'hedona', '2022-12-29 08:26:18', '2022-12-29 08:26:18', NULL),
(1333, 'Hedva ', 'hedva', '2022-12-29 08:26:18', '2022-12-29 08:26:18', NULL),
(1334, 'Hedy ', 'hedy', '2022-12-29 08:26:18', '2022-12-29 08:26:18', NULL),
(1335, 'Helga ', 'helga', '2022-12-29 08:26:18', '2022-12-29 08:26:18', NULL),
(1336, 'Helonia ', 'helonia', '2022-12-29 08:26:18', '2022-12-29 08:26:18', NULL),
(1337, 'Helsa ', 'helsa', '2022-12-29 08:26:18', '2022-12-29 08:26:18', NULL),
(1338, 'Hepziba ', 'hepziba', '2022-12-29 08:26:18', '2022-12-29 08:26:18', NULL),
(1339, 'Hermes ', 'hermes', '2022-12-29 08:26:18', '2022-12-29 08:26:18', NULL),
(1340, 'Herwit ', 'herwit', '2022-12-29 08:26:18', '2022-12-29 08:26:18', NULL),
(1341, 'Hesperos ', 'hesperos', '2022-12-29 08:26:18', '2022-12-29 08:26:18', NULL),
(1342, 'Hieu ', 'hieu', '2022-12-29 08:26:18', '2022-12-29 08:26:18', NULL),
(1343, 'Hillel ', 'hillel', '2022-12-29 08:26:18', '2022-12-29 08:26:18', NULL),
(1344, 'Hindun ', 'hindun', '2022-12-29 08:26:18', '2022-12-29 08:26:18', NULL),
(1345, 'Hira ', 'hira', '2022-12-29 08:26:18', '2022-12-29 08:26:18', NULL),
(1346, 'Hiromasa ', 'hiromasa', '2022-12-29 08:26:18', '2022-12-29 08:26:18', NULL),
(1347, 'Hisyam ', 'hisyam', '2022-12-29 08:26:18', '2022-12-29 08:26:18', NULL),
(1348, 'Honesto ', 'honesto', '2022-12-29 08:26:18', '2022-12-29 08:26:18', NULL),
(1349, 'Hongli ', 'hongli', '2022-12-29 08:26:18', '2022-12-29 08:26:18', NULL),
(1350, 'Honora ', 'honora', '2022-12-29 08:26:18', '2022-12-29 08:26:18', NULL),
(1351, 'Hoshi ', 'hoshi', '2022-12-29 08:26:18', '2022-12-29 08:26:18', NULL),
(1352, 'Hoshiko ', 'hoshiko', '2022-12-29 08:26:18', '2022-12-29 08:26:18', NULL),
(1353, 'Hototo ', 'hototo', '2022-12-29 08:26:18', '2022-12-29 08:26:18', NULL),
(1354, 'Huajin ', 'huajin', '2022-12-29 08:26:18', '2022-12-29 08:26:18', NULL),
(1355, 'Huanran ', 'huanran', '2022-12-29 08:26:18', '2022-12-29 08:26:18', NULL),
(1356, 'Huberta ', 'huberta', '2022-12-29 08:26:18', '2022-12-29 08:26:18', NULL),
(1357, 'Huga ', 'huga', '2022-12-29 08:26:18', '2022-12-29 08:26:18', NULL),
(1358, 'Humam ', 'humam', '2022-12-29 08:26:18', '2022-12-29 08:26:18', NULL),
(1359, 'Huriyah ', 'huriyah', '2022-12-29 08:26:18', '2022-12-29 08:26:18', NULL),
(1360, 'Huwaida ', 'huwaida', '2022-12-29 08:26:18', '2022-12-29 08:26:18', NULL),
(1361, 'Hylmi ', 'hylmi', '2022-12-29 08:26:18', '2022-12-29 08:26:18', NULL),
(1362, 'Ibtisamah ', 'ibtisamah', '2022-12-29 08:26:18', '2022-12-29 08:26:18', NULL),
(1363, 'Imad ', 'imad', '2022-12-29 08:26:18', '2022-12-29 08:26:18', NULL),
(1364, 'Inas ', 'inas', '2022-12-29 08:26:18', '2022-12-29 08:26:18', NULL),
(1365, 'Indurasmi ', 'indurasmi', '2022-12-29 08:26:18', '2022-12-29 08:26:18', NULL),
(1366, 'Iniko ', 'iniko', '2022-12-29 08:26:18', '2022-12-29 08:26:18', NULL),
(1367, 'Iolana ', 'iolana', '2022-12-29 08:26:18', '2022-12-29 08:26:18', NULL),
(1368, 'Ipyana ', 'ipyana', '2022-12-29 08:26:18', '2022-12-29 08:26:18', NULL),
(1369, 'Irmadel ', 'irmadel', '2022-12-29 08:26:18', '2022-12-29 08:26:18', NULL),
(1370, 'Isadora ', 'isadora', '2022-12-29 08:26:18', '2022-12-29 08:26:18', NULL),
(1371, 'Isaura ', 'isaura', '2022-12-29 08:26:18', '2022-12-29 08:26:18', NULL),
(1372, 'Ivander ', 'ivander', '2022-12-29 08:26:18', '2022-12-29 08:26:18', NULL),
(1373, 'Jabulani ', 'jabulani', '2022-12-29 08:26:18', '2022-12-29 08:26:18', NULL),
(1374, 'Jacinda ', 'jacinda', '2022-12-29 08:26:18', '2022-12-29 08:26:18', NULL),
(1375, 'Jamilah ', 'jamilah', '2022-12-29 08:26:18', '2022-12-29 08:26:18', NULL),
(1376, 'Janitra ', 'janitra', '2022-12-29 08:26:18', '2022-12-29 08:26:18', NULL),
(1377, 'Jareb ', 'jareb', '2022-12-29 08:26:18', '2022-12-29 08:26:18', NULL),
(1378, 'Jarvis ', 'jarvis', '2022-12-29 08:26:18', '2022-12-29 08:26:18', NULL),
(1379, 'Jauhar ', 'jauhar', '2022-12-29 08:26:18', '2022-12-29 08:26:18', NULL),
(1380, 'Jauharah ', 'jauharah', '2022-12-29 08:26:18', '2022-12-29 08:26:18', NULL),
(1381, 'Jauza ', 'jauza', '2022-12-29 08:26:18', '2022-12-29 08:26:18', NULL),
(1382, 'Javas ', 'javas', '2022-12-29 08:26:18', '2022-12-29 08:26:18', NULL),
(1383, 'Jawad ', 'jawad', '2022-12-29 08:26:18', '2022-12-29 08:26:18', NULL),
(1384, 'Jawahir ', 'jawahir', '2022-12-29 08:26:18', '2022-12-29 08:26:18', NULL),
(1385, 'Jayasri ', 'jayasri', '2022-12-29 08:26:18', '2022-12-29 08:26:18', NULL),
(1386, 'Jeconia ', 'jeconia', '2022-12-29 08:26:18', '2022-12-29 08:26:18', NULL),
(1387, 'Jerolin ', 'jerolin', '2022-12-29 08:26:18', '2022-12-29 08:26:18', NULL),
(1388, 'Jevera ', 'jevera', '2022-12-29 08:26:18', '2022-12-29 08:26:18', NULL),
(1389, 'Jianheeng  ', 'jianheeng', '2022-12-29 08:26:18', '2022-12-29 08:26:18', NULL),
(1390, 'Jianying ', 'jianying', '2022-12-29 08:26:18', '2022-12-29 08:26:18', NULL),
(1391, 'Jiaya ', 'jiaya', '2022-12-29 08:26:18', '2022-12-29 08:26:18', NULL),
(1392, 'Jiazhen ', 'jiazhen', '2022-12-29 08:26:18', '2022-12-29 08:26:18', NULL),
(1393, 'Jibon ', 'jibon', '2022-12-29 08:26:18', '2022-12-29 08:26:18', NULL),
(1394, 'Jierui ', 'jierui', '2022-12-29 08:26:18', '2022-12-29 08:26:18', NULL),
(1395, 'Jili ', 'jili', '2022-12-29 08:26:18', '2022-12-29 08:26:18', NULL),
(1396, 'Jimi ', 'jimi', '2022-12-29 08:26:18', '2022-12-29 08:26:18', NULL),
(1397, 'Jingmi ', 'jingmi', '2022-12-29 08:26:18', '2022-12-29 08:26:18', NULL),
(1398, 'Jingyi ', 'jingyi', '2022-12-29 08:26:18', '2022-12-29 08:26:18', NULL),
(1399, 'Jinxiu ', 'jinxiu', '2022-12-29 08:26:18', '2022-12-29 08:26:18', NULL),
(1400, 'Jivin ', 'jivin', '2022-12-29 08:26:18', '2022-12-29 08:26:18', NULL),
(1401, 'Joachim ', 'joachim', '2022-12-29 08:26:18', '2022-12-29 08:26:18', NULL),
(1402, 'Jomei ', 'jomei', '2022-12-29 08:26:18', '2022-12-29 08:26:18', NULL),
(1403, 'Jonea ', 'jonea', '2022-12-29 08:26:18', '2022-12-29 08:26:18', NULL),
(1404, 'Jorell ', 'jorell', '2022-12-29 08:26:18', '2022-12-29 08:26:18', NULL),
(1405, 'Jovita ', 'jovita', '2022-12-29 08:26:18', '2022-12-29 08:26:18', NULL),
(1406, 'Julinka ', 'julinka', '2022-12-29 08:26:18', '2022-12-29 08:26:18', NULL),
(1407, 'Juman ', 'juman', '2022-12-29 08:26:18', '2022-12-29 08:26:18', NULL),
(1408, 'Jun ', 'jun', '2022-12-29 08:26:18', '2022-12-29 08:26:18', NULL),
(1409, 'Juro ', 'juro', '2022-12-29 08:26:18', '2022-12-29 08:26:18', NULL),
(1410, 'Justine ', 'justine', '2022-12-29 08:26:18', '2022-12-29 08:26:18', NULL),
(1411, 'Justis ', 'justis', '2022-12-29 08:26:18', '2022-12-29 08:26:18', NULL),
(1412, 'Juvenal ', 'juvenal', '2022-12-29 08:26:18', '2022-12-29 08:26:18', NULL),
(1413, 'Kaemon ', 'kaemon', '2022-12-29 08:26:18', '2022-12-29 08:26:18', NULL),
(1414, 'Kagami ', 'kagami', '2022-12-29 08:26:18', '2022-12-29 08:26:18', NULL),
(1415, 'Kahraman ', 'kahraman', '2022-12-29 08:26:18', '2022-12-29 08:26:18', NULL),
(1416, 'Kaia ', 'kaia', '2022-12-29 08:26:18', '2022-12-29 08:26:18', NULL),
(1417, 'Kaibo ', 'kaibo', '2022-12-29 08:26:18', '2022-12-29 08:26:18', NULL),
(1418, 'Kaila ', 'kaila', '2022-12-29 08:26:18', '2022-12-29 08:26:18', NULL),
(1419, 'Kaili ', 'kaili', '2022-12-29 08:26:18', '2022-12-29 08:26:18', NULL),
(1420, 'Kaipo ', 'kaipo', '2022-12-29 08:26:18', '2022-12-29 08:26:18', NULL),
(1421, 'Kalani ', 'kalani', '2022-12-29 08:26:18', '2022-12-29 08:26:18', NULL),
(1422, 'Kalea ', 'kalea', '2022-12-29 08:26:18', '2022-12-29 08:26:18', NULL),
(1423, 'Kalei ', 'kalei', '2022-12-29 08:26:18', '2022-12-29 08:26:18', NULL),
(1424, 'Kalena ', 'kalena', '2022-12-29 08:26:18', '2022-12-29 08:26:18', NULL),
(1425, 'Kalifa ', 'kalifa', '2022-12-29 08:26:18', '2022-12-29 08:26:18', NULL),
(1426, 'Kalinda ', 'kalinda', '2022-12-29 08:26:18', '2022-12-29 08:26:18', NULL),
(1427, 'Kalpana ', 'kalpana', '2022-12-29 08:26:18', '2022-12-29 08:26:18', NULL),
(1428, 'Kalyca ', 'kalyca', '2022-12-29 08:26:18', '2022-12-29 08:26:18', NULL),
(1429, 'Kamala ', 'kamala', '2022-12-29 08:26:18', '2022-12-29 08:26:18', NULL),
(1430, 'Kamau ', 'kamau', '2022-12-29 08:26:18', '2022-12-29 08:26:18', NULL),
(1431, 'Kamazu ', 'kamazu', '2022-12-29 08:26:18', '2022-12-29 08:26:18', NULL),
(1432, 'Kamea ', 'kamea', '2022-12-29 08:26:18', '2022-12-29 08:26:18', NULL),
(1433, 'Kamini ', 'kamini', '2022-12-29 08:26:18', '2022-12-29 08:26:18', NULL),
(1434, 'Kanaka ', 'kanaka', '2022-12-29 08:26:18', '2022-12-29 08:26:18', NULL),
(1435, 'Kangjian ', 'kangjian', '2022-12-29 08:26:18', '2022-12-29 08:26:18', NULL),
(1436, 'Kanoa ', 'kanoa', '2022-12-29 08:26:18', '2022-12-29 08:26:18', NULL),
(1437, 'Kapono ', 'kapono', '2022-12-29 08:26:18', '2022-12-29 08:26:18', NULL),
(1438, 'Kara ', 'kara', '2022-12-29 08:26:18', '2022-12-29 08:26:18', NULL),
(1439, 'Karimah ', 'karimah', '2022-12-29 08:26:18', '2022-12-29 08:26:18', NULL),
(1440, 'Kasimir  ', 'kasimir', '2022-12-29 08:26:18', '2022-12-29 08:26:18', NULL),
(1441, 'Kastara ', 'kastara', '2022-12-29 08:26:18', '2022-12-29 08:26:18', NULL),
(1442, 'Kasyapi ', 'kasyapi', '2022-12-29 08:26:18', '2022-12-29 08:26:18', NULL),
(1443, 'Kavindra ', 'kavindra', '2022-12-29 08:26:18', '2022-12-29 08:26:18', NULL),
(1444, 'Kawena ', 'kawena', '2022-12-29 08:26:18', '2022-12-29 08:26:18', NULL),
(1445, 'Kawindra ', 'kawindra', '2022-12-29 08:26:18', '2022-12-29 08:26:18', NULL),
(1446, 'Kayana ', 'kayana', '2022-12-29 08:26:18', '2022-12-29 08:26:18', NULL),
(1447, 'Kayle ', 'kayle', '2022-12-29 08:26:18', '2022-12-29 08:26:18', NULL),
(1448, 'Keiko ', 'keiko', '2022-12-29 08:26:18', '2022-12-29 08:26:18', NULL),
(1449, 'Kendrick ', 'kendrick', '2022-12-29 08:26:18', '2022-12-29 08:26:18', NULL),
(1450, 'Kennard ', 'kennard', '2022-12-29 08:26:18', '2022-12-29 08:26:18', NULL),
(1451, 'Kentaro ', 'kentaro', '2022-12-29 08:26:18', '2022-12-29 08:26:18', NULL),
(1452, 'Kenward ', 'kenward', '2022-12-29 08:26:18', '2022-12-29 08:26:18', NULL),
(1453, 'Kenzie ', 'kenzie', '2022-12-29 08:26:18', '2022-12-29 08:26:18', NULL),
(1454, 'Keola ', 'keola', '2022-12-29 08:26:18', '2022-12-29 08:26:18', NULL),
(1455, 'Keziah ', 'keziah', '2022-12-29 08:26:18', '2022-12-29 08:26:18', NULL),
(1456, 'Khairullah ', 'khairullah', '2022-12-29 08:26:18', '2022-12-29 08:26:18', NULL),
(1457, 'khalida ', 'khalida', '2022-12-29 08:26:18', '2022-12-29 08:26:18', NULL),
(1458, 'Khalidah ', 'khalidah', '2022-12-29 08:26:18', '2022-12-29 08:26:18', NULL),
(1459, 'Khalil ', 'khalil', '2022-12-29 08:26:18', '2022-12-29 08:26:18', NULL),
(1460, 'Khalish ', 'khalish', '2022-12-29 08:26:18', '2022-12-29 08:26:18', NULL),
(1461, 'Khamilah ', 'khamilah', '2022-12-29 08:26:18', '2022-12-29 08:26:18', NULL),
(1462, 'Khansa ', 'khansa', '2022-12-29 08:26:18', '2022-12-29 08:26:18', NULL),
(1463, 'Khazhim ', 'khazhim', '2022-12-29 08:26:18', '2022-12-29 08:26:18', NULL),
(1464, 'Khulud ', 'khulud', '2022-12-29 08:26:18', '2022-12-29 08:26:18', NULL),
(1465, 'Kineta ', 'kineta', '2022-12-29 08:26:18', '2022-12-29 08:26:18', NULL),
(1466, 'Kostya ', 'kostya', '2022-12-29 08:26:18', '2022-12-29 08:26:18', NULL),
(1467, 'Kusuma ', 'kusuma', '2022-12-29 08:26:18', '2022-12-29 08:26:18', NULL),
(1468, 'Kynthia ', 'kynthia', '2022-12-29 08:26:18', '2022-12-29 08:26:18', NULL),
(1469, 'Labibah  ', 'labibah', '2022-12-29 08:26:18', '2022-12-29 08:26:18', NULL),
(1470, 'Lajain ', 'lajain', '2022-12-29 08:26:18', '2022-12-29 08:26:18', NULL),
(1471, 'Laksita ', 'laksita', '2022-12-29 08:26:18', '2022-12-29 08:26:18', NULL),
(1472, 'Lalasa ', 'lalasa', '2022-12-29 08:26:18', '2022-12-29 08:26:18', NULL),
(1473, 'Lamont ', 'lamont', '2022-12-29 08:26:18', '2022-12-29 08:26:18', NULL),
(1474, 'Lan ', 'lan', '2022-12-29 08:26:18', '2022-12-29 08:26:18', NULL),
(1475, 'Lander ', 'lander', '2022-12-29 08:26:18', '2022-12-29 08:26:18', NULL),
(1476, 'landra ', 'landra', '2022-12-29 08:26:18', '2022-12-29 08:26:18', NULL),
(1477, 'Landry ', 'landry', '2022-12-29 08:26:18', '2022-12-29 08:26:18', NULL),
(1478, 'Langundo ', 'langundo', '2022-12-29 08:26:18', '2022-12-29 08:26:18', NULL),
(1479, 'Lareina ', 'lareina', '2022-12-29 08:26:18', '2022-12-29 08:26:18', NULL),
(1480, 'Larrimore ', 'larrimore', '2022-12-29 08:26:18', '2022-12-29 08:26:18', NULL),
(1481, 'Laszlo ', 'laszlo', '2022-12-29 08:26:18', '2022-12-29 08:26:18', NULL),
(1482, 'Lateef ', 'lateef', '2022-12-29 08:26:18', '2022-12-29 08:26:18', NULL),
(1483, 'Lauda ', 'lauda', '2022-12-29 08:26:18', '2022-12-29 08:26:18', NULL),
(1484, 'Lavina ', 'lavina', '2022-12-29 08:26:18', '2022-12-29 08:26:18', NULL),
(1485, 'Lawana ', 'lawana', '2022-12-29 08:26:18', '2022-12-29 08:26:18', NULL),
(1486, 'Layana ', 'layana', '2022-12-29 08:26:18', '2022-12-29 08:26:18', NULL),
(1487, 'Leandra ', 'leandra', '2022-12-29 08:26:18', '2022-12-29 08:26:18', NULL),
(1488, 'Leif  ', 'leif', '2022-12-29 08:26:18', '2022-12-29 08:26:18', NULL),
(1489, 'Leilani ', 'leilani', '2022-12-29 08:26:18', '2022-12-29 08:26:18', NULL),
(1490, 'Leroy ', 'leroy', '2022-12-29 08:26:18', '2022-12-29 08:26:18', NULL),
(1491, 'Leverrett ', 'leverrett', '2022-12-29 08:26:18', '2022-12-29 08:26:18', NULL),
(1492, 'Lian ', 'lian', '2022-12-29 08:26:18', '2022-12-29 08:26:18', NULL),
(1493, 'Liangyi ', 'liangyi', '2022-12-29 08:26:18', '2022-12-29 08:26:18', NULL),
(1494, 'Lianxiang ', 'lianxiang', '2022-12-29 08:26:18', '2022-12-29 08:26:18', NULL),
(1495, 'Liiu Yaoshan ', 'liiu-yaoshan', '2022-12-29 08:26:18', '2022-12-29 08:26:18', NULL),
(1496, 'Liqi ', 'liqi', '2022-12-29 08:26:18', '2022-12-29 08:26:18', NULL),
(1497, 'Lishan ', 'lishan', '2022-12-29 08:26:18', '2022-12-29 08:26:18', NULL),
(1498, 'Lituhayu ', 'lituhayu', '2022-12-29 08:26:18', '2022-12-29 08:26:18', NULL),
(1499, 'Liu Changhai ', 'liu-changhai', '2022-12-29 08:26:18', '2022-12-29 08:26:18', NULL),
(1500, 'Liu Xingsheng ', 'liu-xingsheng', '2022-12-29 08:26:18', '2022-12-29 08:26:18', NULL),
(1501, 'Lixui ', 'lixui', '2022-12-29 08:26:18', '2022-12-29 08:26:18', NULL),
(1502, 'Lucretia ', 'lucretia', '2022-12-29 08:26:18', '2022-12-29 08:26:18', NULL),
(1503, 'Luigi ', 'luigi', '2022-12-29 08:26:18', '2022-12-29 08:26:18', NULL),
(1504, 'Luluah ', 'luluah', '2022-12-29 08:26:18', '2022-12-29 08:26:18', NULL),
(1505, 'Luthfi ', 'luthfi', '2022-12-29 08:26:19', '2022-12-29 08:26:19', NULL),
(1506, 'Luvena ', 'luvena', '2022-12-29 08:26:19', '2022-12-29 08:26:19', NULL),
(1507, 'Mackinnley ', 'mackinnley', '2022-12-29 08:26:19', '2022-12-29 08:26:19', NULL),
(1508, 'Mada ', 'mada', '2022-12-29 08:26:19', '2022-12-29 08:26:19', NULL),
(1509, 'Magdala ', 'magdala', '2022-12-29 08:26:19', '2022-12-29 08:26:19', NULL),
(1510, 'Magena ', 'magena', '2022-12-29 08:26:19', '2022-12-29 08:26:19', NULL),
(1511, 'Magnus ', 'magnus', '2022-12-29 08:26:19', '2022-12-29 08:26:19', NULL),
(1512, 'Mahadri ', 'mahadri', '2022-12-29 08:26:19', '2022-12-29 08:26:19', NULL),
(1513, 'Mahasura ', 'mahasura', '2022-12-29 08:26:19', '2022-12-29 08:26:19', NULL),
(1514, 'Mahawira ', 'mahawira', '2022-12-29 08:26:19', '2022-12-29 08:26:19', NULL),
(1515, 'Maheswara ', 'maheswara', '2022-12-29 08:26:19', '2022-12-29 08:26:19', NULL),
(1516, 'Mahib ', 'mahib', '2022-12-29 08:26:19', '2022-12-29 08:26:19', NULL),
(1517, 'Mahija ', 'mahija', '2022-12-29 08:26:19', '2022-12-29 08:26:19', NULL),
(1518, 'Mahrus ', 'mahrus', '2022-12-29 08:26:19', '2022-12-29 08:26:19', NULL),
(1519, 'Majdi ', 'majdi', '2022-12-29 08:26:19', '2022-12-29 08:26:19', NULL),
(1520, 'Makarim ', 'makarim', '2022-12-29 08:26:19', '2022-12-29 08:26:19', NULL),
(1521, 'Maknar ', 'maknar', '2022-12-29 08:26:19', '2022-12-29 08:26:19', NULL),
(1522, 'Malca ', 'malca', '2022-12-29 08:26:19', '2022-12-29 08:26:19', NULL),
(1523, 'Mali ', 'mali', '2022-12-29 08:26:19', '2022-12-29 08:26:19', NULL),
(1524, 'Malya ', 'malya', '2022-12-29 08:26:19', '2022-12-29 08:26:19', NULL),
(1525, 'Manuela ', 'manuela', '2022-12-29 08:26:19', '2022-12-29 08:26:19', NULL),
(1526, 'Manyari ', 'manyari', '2022-12-29 08:26:19', '2022-12-29 08:26:19', NULL),
(1527, 'Manyura ', 'manyura', '2022-12-29 08:26:19', '2022-12-29 08:26:19', NULL),
(1528, 'Maribel ', 'maribel', '2022-12-29 08:26:19', '2022-12-29 08:26:19', NULL),
(1529, 'Maritza ', 'maritza', '2022-12-29 08:26:19', '2022-12-29 08:26:19', NULL),
(1530, 'Marlen ', 'marlen', '2022-12-29 08:26:19', '2022-12-29 08:26:19', NULL),
(1531, 'Marva ', 'marva', '2022-12-29 08:26:19', '2022-12-29 08:26:19', NULL),
(1532, 'Masao ', 'masao', '2022-12-29 08:26:19', '2022-12-29 08:26:19', NULL),
(1533, 'Masato ', 'masato', '2022-12-29 08:26:19', '2022-12-29 08:26:19', NULL),
(1534, 'Maska ', 'maska', '2022-12-29 08:26:19', '2022-12-29 08:26:19', NULL),
(1535, 'Masou ', 'masou', '2022-12-29 08:26:19', '2022-12-29 08:26:19', NULL),
(1536, 'Mas\'ud ', 'mas-ud', '2022-12-29 08:26:19', '2022-12-29 08:26:19', NULL),
(1537, 'Maxine ', 'maxine', '2022-12-29 08:26:19', '2022-12-29 08:26:19', NULL),
(1538, 'Maynard ', 'maynard', '2022-12-29 08:26:19', '2022-12-29 08:26:19', NULL),
(1539, 'Maysun ', 'maysun', '2022-12-29 08:26:19', '2022-12-29 08:26:19', NULL),
(1540, 'Mayyadah ', 'mayyadah', '2022-12-29 08:26:19', '2022-12-29 08:26:19', NULL),
(1541, 'Meara ', 'meara', '2022-12-29 08:26:19', '2022-12-29 08:26:19', NULL),
(1542, 'Medea ', 'medea', '2022-12-29 08:26:19', '2022-12-29 08:26:19', NULL),
(1543, 'Megara ', 'megara', '2022-12-29 08:26:19', '2022-12-29 08:26:19', NULL),
(1544, 'Mehadi  ', 'mehadi', '2022-12-29 08:26:19', '2022-12-29 08:26:19', NULL),
(1545, 'Mehri ', 'mehri', '2022-12-29 08:26:19', '2022-12-29 08:26:19', NULL),
(1546, 'Meiying ', 'meiying', '2022-12-29 08:26:19', '2022-12-29 08:26:19', NULL),
(1547, 'Melba ', 'melba', '2022-12-29 08:26:19', '2022-12-29 08:26:19', NULL),
(1548, 'Melvin ', 'melvin', '2022-12-29 08:26:19', '2022-12-29 08:26:19', NULL),
(1549, 'Mengda ', 'mengda', '2022-12-29 08:26:19', '2022-12-29 08:26:19', NULL),
(1550, 'Menur ', 'menur', '2022-12-29 08:26:19', '2022-12-29 08:26:19', NULL),
(1551, 'Meredith ', 'meredith', '2022-12-29 08:26:19', '2022-12-29 08:26:19', NULL),
(1552, 'Meriel ', 'meriel', '2022-12-29 08:26:19', '2022-12-29 08:26:19', NULL),
(1553, 'Messina ', 'messina', '2022-12-29 08:26:19', '2022-12-29 08:26:19', NULL),
(1554, 'Milada ', 'milada', '2022-12-29 08:26:19', '2022-12-29 08:26:19', NULL),
(1555, 'Mingde ', 'mingde', '2022-12-29 08:26:19', '2022-12-29 08:26:19', NULL),
(1556, 'Minowa ', 'minowa', '2022-12-29 08:26:19', '2022-12-29 08:26:19', NULL),
(1557, 'Moana ', 'moana', '2022-12-29 08:26:19', '2022-12-29 08:26:19', NULL),
(1558, 'Moria ', 'moria', '2022-12-29 08:26:19', '2022-12-29 08:26:19', NULL),
(1559, 'Morie ', 'morie', '2022-12-29 08:26:19', '2022-12-29 08:26:19', NULL),
(1560, 'Moyna ', 'moyna', '2022-12-29 08:26:19', '2022-12-29 08:26:19', NULL),
(1561, 'Moza ', 'moza', '2022-12-29 08:26:19', '2022-12-29 08:26:19', NULL),
(1562, 'Mubarak ', 'mubarak', '2022-12-29 08:26:19', '2022-12-29 08:26:19', NULL),
(1563, 'Mudrik ', 'mudrik', '2022-12-29 08:26:19', '2022-12-29 08:26:19', NULL),
(1564, 'Mufrih ', 'mufrih', '2022-12-29 08:26:19', '2022-12-29 08:26:19', NULL),
(1565, 'Mugisa ', 'mugisa', '2022-12-29 08:26:19', '2022-12-29 08:26:19', NULL),
(1566, 'Muhana ', 'muhana', '2022-12-29 08:26:19', '2022-12-29 08:26:19', NULL),
(1567, 'Muhsin ', 'muhsin', '2022-12-29 08:26:19', '2022-12-29 08:26:19', NULL),
(1568, 'Mukasa ', 'mukasa', '2022-12-29 08:26:19', '2022-12-29 08:26:19', NULL),
(1569, 'Mukhbit ', 'mukhbit', '2022-12-29 08:26:19', '2022-12-29 08:26:19', NULL),
(1570, 'Mulin ', 'mulin', '2022-12-29 08:26:19', '2022-12-29 08:26:19', NULL),
(1571, 'Mumtazah ', 'mumtazah', '2022-12-29 08:26:19', '2022-12-29 08:26:19', NULL),
(1572, 'Muntashir ', 'muntashir', '2022-12-29 08:26:19', '2022-12-29 08:26:19', NULL),
(1573, 'Muradah ', 'muradah', '2022-12-29 08:26:19', '2022-12-29 08:26:19', NULL),
(1574, 'Mus\'ad ', 'mus-ad', '2022-12-29 08:26:19', '2022-12-29 08:26:19', NULL),
(1575, 'Mushoddiq ', 'mushoddiq', '2022-12-29 08:26:19', '2022-12-29 08:26:19', NULL),
(1576, 'Mustajab ', 'mustajab', '2022-12-29 08:26:19', '2022-12-29 08:26:19', NULL);
INSERT INTO `writers` (`id`, `name`, `slug`, `created_at`, `updated_at`, `deleted_at`) VALUES
(1577, 'Mutawakkil ', 'mutawakkil', '2022-12-29 08:26:19', '2022-12-29 08:26:19', NULL),
(1578, 'Mya ', 'mya', '2022-12-29 08:26:19', '2022-12-29 08:26:19', NULL),
(1579, 'Nabiha ', 'nabiha', '2022-12-29 08:26:19', '2022-12-29 08:26:19', NULL),
(1580, 'Nabila ', 'nabila', '2022-12-29 08:26:19', '2022-12-29 08:26:19', NULL),
(1581, 'Nadine ', 'nadine', '2022-12-29 08:26:19', '2022-12-29 08:26:19', NULL),
(1582, 'Naeem ', 'naeem', '2022-12-29 08:26:19', '2022-12-29 08:26:19', NULL),
(1583, 'Najdah ', 'najdah', '2022-12-29 08:26:19', '2022-12-29 08:26:19', NULL),
(1584, 'Nalani ', 'nalani', '2022-12-29 08:26:19', '2022-12-29 08:26:19', NULL),
(1585, 'Nara ', 'nara', '2022-12-29 08:26:19', '2022-12-29 08:26:19', NULL),
(1586, 'Nararya ', 'nararya', '2022-12-29 08:26:19', '2022-12-29 08:26:19', NULL),
(1587, 'Narda ', 'narda', '2022-12-29 08:26:19', '2022-12-29 08:26:19', NULL),
(1588, 'Nareswari ', 'nareswari', '2022-12-29 08:26:19', '2022-12-29 08:26:19', NULL),
(1589, 'Naryama ', 'naryama', '2022-12-29 08:26:19', '2022-12-29 08:26:19', NULL),
(1590, 'Nash ', 'nash', '2022-12-29 08:26:19', '2022-12-29 08:26:19', NULL),
(1591, 'Nashif ', 'nashif', '2022-12-29 08:26:19', '2022-12-29 08:26:19', NULL),
(1592, 'Nasnan ', 'nasnan', '2022-12-29 08:26:19', '2022-12-29 08:26:19', NULL),
(1593, 'Natha ', 'natha', '2022-12-29 08:26:19', '2022-12-29 08:26:19', NULL),
(1594, 'Nathania ', 'nathania', '2022-12-29 08:26:19', '2022-12-29 08:26:19', NULL),
(1595, 'Naufal ', 'naufal', '2022-12-29 08:26:19', '2022-12-29 08:26:19', NULL),
(1596, 'Nawwar ', 'nawwar', '2022-12-29 08:26:19', '2022-12-29 08:26:19', NULL),
(1597, 'Nazhimah ', 'nazhimah', '2022-12-29 08:26:19', '2022-12-29 08:26:19', NULL),
(1598, 'Neila ', 'neila', '2022-12-29 08:26:19', '2022-12-29 08:26:19', NULL),
(1599, 'Nesha ', 'nesha', '2022-12-29 08:26:19', '2022-12-29 08:26:19', NULL),
(1600, 'Neva ', 'neva', '2022-12-29 08:26:19', '2022-12-29 08:26:19', NULL),
(1601, 'Ningdei ', 'ningdei', '2022-12-29 08:26:19', '2022-12-29 08:26:19', NULL),
(1602, 'Nirwasita ', 'nirwasita', '2022-12-29 08:26:19', '2022-12-29 08:26:19', NULL),
(1603, 'Niscala ', 'niscala', '2022-12-29 08:26:19', '2022-12-29 08:26:19', NULL),
(1604, 'Nismara ', 'nismara', '2022-12-29 08:26:19', '2022-12-29 08:26:19', NULL),
(1605, 'Nitisara ', 'nitisara', '2022-12-29 08:26:19', '2022-12-29 08:26:19', NULL),
(1606, 'Nohan ', 'nohan', '2022-12-29 08:26:19', '2022-12-29 08:26:19', NULL),
(1607, 'Nuria ', 'nuria', '2022-12-29 08:26:19', '2022-12-29 08:26:19', NULL),
(1608, 'Obadiah ', 'obadiah', '2022-12-29 08:26:19', '2022-12-29 08:26:19', NULL),
(1609, 'Odelia ', 'odelia', '2022-12-29 08:26:19', '2022-12-29 08:26:19', NULL),
(1610, 'Odell ', 'odell', '2022-12-29 08:26:19', '2022-12-29 08:26:19', NULL),
(1611, 'Odina ', 'odina', '2022-12-29 08:26:19', '2022-12-29 08:26:19', NULL),
(1612, 'Ofira ', 'ofira', '2022-12-29 08:26:19', '2022-12-29 08:26:19', NULL),
(1613, 'Okalina ', 'okalina', '2022-12-29 08:26:19', '2022-12-29 08:26:19', NULL),
(1614, 'Okechuku ', 'okechuku', '2022-12-29 08:26:19', '2022-12-29 08:26:19', NULL),
(1615, 'Olinda ', 'olinda', '2022-12-29 08:26:19', '2022-12-29 08:26:19', NULL),
(1616, 'Olubayo ', 'olubayo', '2022-12-29 08:26:19', '2022-12-29 08:26:19', NULL),
(1617, 'Ophir ', 'ophir', '2022-12-29 08:26:19', '2022-12-29 08:26:19', NULL),
(1618, 'Orea ', 'orea', '2022-12-29 08:26:19', '2022-12-29 08:26:19', NULL),
(1619, 'Orela ', 'orela', '2022-12-29 08:26:19', '2022-12-29 08:26:19', NULL),
(1620, 'Oriana ', 'oriana', '2022-12-29 08:26:19', '2022-12-29 08:26:19', NULL),
(1621, 'Orlando ', 'orlando', '2022-12-29 08:26:19', '2022-12-29 08:26:19', NULL),
(1622, 'Orlin ', 'orlin', '2022-12-29 08:26:19', '2022-12-29 08:26:19', NULL),
(1623, 'Ormanda ', 'ormanda', '2022-12-29 08:26:19', '2022-12-29 08:26:19', NULL),
(1624, 'Osahar ', 'osahar', '2022-12-29 08:26:19', '2022-12-29 08:26:19', NULL),
(1625, 'Osborn ', 'osborn', '2022-12-29 08:26:19', '2022-12-29 08:26:19', NULL),
(1626, 'Osmond ', 'osmond', '2022-12-29 08:26:19', '2022-12-29 08:26:19', NULL),
(1627, 'Osric ', 'osric', '2022-12-29 08:26:19', '2022-12-29 08:26:19', NULL),
(1628, 'Oswald ', 'oswald', '2022-12-29 08:26:19', '2022-12-29 08:26:19', NULL),
(1629, 'Otadan ', 'otadan', '2022-12-29 08:26:19', '2022-12-29 08:26:19', NULL),
(1630, 'Ozora ', 'ozora', '2022-12-29 08:26:19', '2022-12-29 08:26:19', NULL),
(1631, 'Padali ', 'padali', '2022-12-29 08:26:19', '2022-12-29 08:26:19', NULL),
(1632, 'Padmarini ', 'padmarini', '2022-12-29 08:26:19', '2022-12-29 08:26:19', NULL),
(1633, 'Padmini ', 'padmini', '2022-12-29 08:26:19', '2022-12-29 08:26:19', NULL),
(1634, 'Palawa ', 'palawa', '2022-12-29 08:26:19', '2022-12-29 08:26:19', NULL),
(1635, 'Panyun ', 'panyun', '2022-12-29 08:26:19', '2022-12-29 08:26:19', NULL),
(1636, 'Parabawa ', 'parabawa', '2022-12-29 08:26:19', '2022-12-29 08:26:19', NULL),
(1637, 'Parama ', 'parama', '2022-12-29 08:26:19', '2022-12-29 08:26:19', NULL),
(1638, 'Parisya ', 'parisya', '2022-12-29 08:26:19', '2022-12-29 08:26:19', NULL),
(1639, 'Partaya ', 'partaya', '2022-12-29 08:26:19', '2022-12-29 08:26:19', NULL),
(1640, 'Pasada ', 'pasada', '2022-12-29 08:26:19', '2022-12-29 08:26:19', NULL),
(1641, 'Pasha ', 'pasha', '2022-12-29 08:26:19', '2022-12-29 08:26:19', NULL),
(1642, 'Pastika ', 'pastika', '2022-12-29 08:26:19', '2022-12-29 08:26:19', NULL),
(1643, 'Pawana ', 'pawana', '2022-12-29 08:26:19', '2022-12-29 08:26:19', NULL),
(1644, 'Peiyu ', 'peiyu', '2022-12-29 08:26:19', '2022-12-29 08:26:19', NULL),
(1645, 'Penrod ', 'penrod', '2022-12-29 08:26:19', '2022-12-29 08:26:19', NULL),
(1646, 'Perlita ', 'perlita', '2022-12-29 08:26:19', '2022-12-29 08:26:19', NULL),
(1647, 'Phaedra ', 'phaedra', '2022-12-29 08:26:19', '2022-12-29 08:26:19', NULL),
(1648, 'Phalosa ', 'phalosa', '2022-12-29 08:26:19', '2022-12-29 08:26:19', NULL),
(1649, 'Philemon ', 'philemon', '2022-12-29 08:26:19', '2022-12-29 08:26:19', NULL),
(1650, 'Pirata ', 'pirata', '2022-12-29 08:26:19', '2022-12-29 08:26:19', NULL),
(1651, 'Pragata ', 'pragata', '2022-12-29 08:26:19', '2022-12-29 08:26:19', NULL),
(1652, 'Prawara ', 'prawara', '2022-12-29 08:26:19', '2022-12-29 08:26:19', NULL),
(1653, 'Prayata ', 'prayata', '2022-12-29 08:26:19', '2022-12-29 08:26:19', NULL),
(1654, 'Purbani ', 'purbani', '2022-12-29 08:26:19', '2022-12-29 08:26:19', NULL),
(1655, 'Qabil ', 'qabil', '2022-12-29 08:26:19', '2022-12-29 08:26:19', NULL),
(1656, 'Qiancheng ', 'qiancheng', '2022-12-29 08:26:19', '2022-12-29 08:26:19', NULL),
(1657, 'Qiaofeng ', 'qiaofeng', '2022-12-29 08:26:19', '2022-12-29 08:26:19', NULL),
(1658, 'Qibo ', 'qibo', '2022-12-29 08:26:19', '2022-12-29 08:26:19', NULL),
(1659, 'Qionglin ', 'qionglin', '2022-12-29 08:26:19', '2022-12-29 08:26:19', NULL),
(1660, 'Qisheng ', 'qisheng', '2022-12-29 08:26:19', '2022-12-29 08:26:19', NULL),
(1661, 'Qixuan ', 'qixuan', '2022-12-29 08:26:19', '2022-12-29 08:26:19', NULL),
(1662, 'Qosiim ', 'qosiim', '2022-12-29 08:26:19', '2022-12-29 08:26:19', NULL),
(1663, 'Quentin ', 'quentin', '2022-12-29 08:26:19', '2022-12-29 08:26:19', NULL),
(1664, 'Quinlan ', 'quinlan', '2022-12-29 08:26:19', '2022-12-29 08:26:19', NULL),
(1665, 'Qujing ', 'qujing', '2022-12-29 08:26:19', '2022-12-29 08:26:19', NULL),
(1666, 'Quon ', 'quon', '2022-12-29 08:26:19', '2022-12-29 08:26:19', NULL),
(1667, 'Rabiah ', 'rabiah', '2022-12-29 08:26:19', '2022-12-29 08:26:19', NULL),
(1668, 'Rabihah ', 'rabihah', '2022-12-29 08:26:19', '2022-12-29 08:26:19', NULL),
(1669, 'Radella ', 'radella', '2022-12-29 08:26:19', '2022-12-29 08:26:19', NULL),
(1670, 'Radinka ', 'radinka', '2022-12-29 08:26:19', '2022-12-29 08:26:19', NULL),
(1671, 'Radithya ', 'radithya', '2022-12-29 08:26:19', '2022-12-29 08:26:19', NULL),
(1672, 'Radmila ', 'radmila', '2022-12-29 08:26:19', '2022-12-29 08:26:19', NULL),
(1673, 'Radoslaw ', 'radoslaw', '2022-12-29 08:26:19', '2022-12-29 08:26:19', NULL),
(1674, 'Rafa ', 'rafa', '2022-12-29 08:26:19', '2022-12-29 08:26:19', NULL),
(1675, 'Rafif ', 'rafif', '2022-12-29 08:26:19', '2022-12-29 08:26:19', NULL),
(1676, 'Raina ', 'raina', '2022-12-29 08:26:19', '2022-12-29 08:26:19', NULL),
(1677, 'Raissa ', 'raissa', '2022-12-29 08:26:19', '2022-12-29 08:26:19', NULL),
(1678, 'Ramaniya ', 'ramaniya', '2022-12-29 08:26:19', '2022-12-29 08:26:19', NULL),
(1679, 'Rania  ', 'rania', '2022-12-29 08:26:19', '2022-12-29 08:26:19', NULL),
(1680, 'Ranjana ', 'ranjana', '2022-12-29 08:26:19', '2022-12-29 08:26:19', NULL),
(1681, 'Ransi ', 'ransi', '2022-12-29 08:26:19', '2022-12-29 08:26:19', NULL),
(1682, 'Rashida ', 'rashida', '2022-12-29 08:26:19', '2022-12-29 08:26:19', NULL),
(1683, 'Rasiyah ', 'rasiyah', '2022-12-29 08:26:19', '2022-12-29 08:26:19', NULL),
(1684, 'Ratana ', 'ratana', '2022-12-29 08:26:19', '2022-12-29 08:26:19', NULL),
(1685, 'Ratnamaya ', 'ratnamaya', '2022-12-29 08:26:19', '2022-12-29 08:26:19', NULL),
(1686, 'Reseda ', 'reseda', '2022-12-29 08:26:19', '2022-12-29 08:26:19', NULL),
(1687, 'Reyhan ', 'reyhan', '2022-12-29 08:26:19', '2022-12-29 08:26:19', NULL),
(1688, 'Reynard ', 'reynard', '2022-12-29 08:26:19', '2022-12-29 08:26:19', NULL),
(1689, 'Ridong ', 'ridong', '2022-12-29 08:26:19', '2022-12-29 08:26:19', NULL),
(1690, 'Rika ', 'rika', '2022-12-29 08:26:19', '2022-12-29 08:26:19', NULL),
(1691, 'Riona ', 'riona', '2022-12-29 08:26:19', '2022-12-29 08:26:19', NULL),
(1692, 'Riordan ', 'riordan', '2022-12-29 08:26:19', '2022-12-29 08:26:19', NULL),
(1693, 'Rizqullah ', 'rizqullah', '2022-12-29 08:26:19', '2022-12-29 08:26:19', NULL),
(1694, 'Roid ', 'roid', '2022-12-29 08:26:19', '2022-12-29 08:26:19', NULL),
(1695, 'Roland ', 'roland', '2022-12-29 08:26:19', '2022-12-29 08:26:19', NULL),
(1696, 'Rongdan ', 'rongdan', '2022-12-29 08:26:19', '2022-12-29 08:26:19', NULL),
(1697, 'Ronghui ', 'ronghui', '2022-12-29 08:26:19', '2022-12-29 08:26:19', NULL),
(1698, 'Roselani ', 'roselani', '2022-12-29 08:26:19', '2022-12-29 08:26:19', NULL),
(1699, 'Ruhakana ', 'ruhakana', '2022-12-29 08:26:19', '2022-12-29 08:26:19', NULL),
(1700, 'Ruhua ', 'ruhua', '2022-12-29 08:26:19', '2022-12-29 08:26:19', NULL),
(1701, 'Rukmi ', 'rukmi', '2022-12-29 08:26:19', '2022-12-29 08:26:19', NULL),
(1702, 'Runako ', 'runako', '2022-12-29 08:26:19', '2022-12-29 08:26:19', NULL),
(1703, 'Ruobai ', 'ruobai', '2022-12-29 08:26:19', '2022-12-29 08:26:19', NULL),
(1704, 'Sabiya ', 'sabiya', '2022-12-29 08:26:19', '2022-12-29 08:26:19', NULL),
(1705, 'Sadajiwa ', 'sadajiwa', '2022-12-29 08:26:19', '2022-12-29 08:26:19', NULL),
(1706, 'Sadara ', 'sadara', '2022-12-29 08:26:19', '2022-12-29 08:26:19', NULL),
(1707, 'Sadina ', 'sadina', '2022-12-29 08:26:19', '2022-12-29 08:26:19', NULL),
(1708, 'Sadira ', 'sadira', '2022-12-29 08:26:19', '2022-12-29 08:26:19', NULL),
(1709, 'Sadiya ', 'sadiya', '2022-12-29 08:26:19', '2022-12-29 08:26:19', NULL),
(1710, 'Sadubi ', 'sadubi', '2022-12-29 08:26:19', '2022-12-29 08:26:19', NULL),
(1711, 'Saguna ', 'saguna', '2022-12-29 08:26:19', '2022-12-29 08:26:19', NULL),
(1712, 'Sakinah ', 'sakinah', '2022-12-29 08:26:19', '2022-12-29 08:26:19', NULL),
(1713, 'Saktika ', 'saktika', '2022-12-29 08:26:19', '2022-12-29 08:26:19', NULL),
(1714, 'Salaga ', 'salaga', '2022-12-29 08:26:19', '2022-12-29 08:26:19', NULL),
(1715, 'Salimah ', 'salimah', '2022-12-29 08:26:19', '2022-12-29 08:26:19', NULL),
(1716, 'Salvia ', 'salvia', '2022-12-29 08:26:19', '2022-12-29 08:26:19', NULL),
(1717, 'Samana ', 'samana', '2022-12-29 08:26:19', '2022-12-29 08:26:19', NULL),
(1718, 'Samara ', 'samara', '2022-12-29 08:26:19', '2022-12-29 08:26:19', NULL),
(1719, 'Samih ', 'samih', '2022-12-29 08:26:19', '2022-12-29 08:26:19', NULL),
(1720, 'Samira ', 'samira', '2022-12-29 08:26:19', '2022-12-29 08:26:19', NULL),
(1721, 'Samitra ', 'samitra', '2022-12-29 08:26:19', '2022-12-29 08:26:19', NULL),
(1722, 'Sandya ', 'sandya', '2022-12-29 08:26:19', '2022-12-29 08:26:19', NULL),
(1723, 'Sarila ', 'sarila', '2022-12-29 08:26:19', '2022-12-29 08:26:19', NULL),
(1724, 'Sarkara ', 'sarkara', '2022-12-29 08:26:19', '2022-12-29 08:26:19', NULL),
(1725, 'Sashuang ', 'sashuang', '2022-12-29 08:26:19', '2022-12-29 08:26:19', NULL),
(1726, 'Saskia ', 'saskia', '2022-12-29 08:26:19', '2022-12-29 08:26:19', NULL),
(1727, 'Sava ', 'sava', '2022-12-29 08:26:19', '2022-12-29 08:26:19', NULL),
(1728, 'Selena ', 'selena', '2022-12-29 08:26:20', '2022-12-29 08:26:20', NULL),
(1729, 'Selma ', 'selma', '2022-12-29 08:26:20', '2022-12-29 08:26:20', NULL),
(1730, 'Sewagati ', 'sewagati', '2022-12-29 08:26:20', '2022-12-29 08:26:20', NULL),
(1731, 'Shabirah ', 'shabirah', '2022-12-29 08:26:20', '2022-12-29 08:26:20', NULL),
(1732, 'Shadiq ', 'shadiq', '2022-12-29 08:26:20', '2022-12-29 08:26:20', NULL),
(1733, 'Shafira ', 'shafira', '2022-12-29 08:26:20', '2022-12-29 08:26:20', NULL),
(1734, 'Shafiyah  ', 'shafiyah', '2022-12-29 08:26:20', '2022-12-29 08:26:20', NULL),
(1735, 'Shahia ', 'shahia', '2022-12-29 08:26:20', '2022-12-29 08:26:20', NULL),
(1736, 'Shanmimg ', 'shanmimg', '2022-12-29 08:26:20', '2022-12-29 08:26:20', NULL),
(1737, 'Shaosheng ', 'shaosheng', '2022-12-29 08:26:20', '2022-12-29 08:26:20', NULL),
(1738, 'Shatara ', 'shatara', '2022-12-29 08:26:20', '2022-12-29 08:26:20', NULL),
(1739, 'Shbouh ', 'shbouh', '2022-12-29 08:26:20', '2022-12-29 08:26:20', NULL),
(1740, 'Sherwin ', 'sherwin', '2022-12-29 08:26:20', '2022-12-29 08:26:20', NULL),
(1741, 'Shilin ', 'shilin', '2022-12-29 08:26:20', '2022-12-29 08:26:20', NULL),
(1742, 'Shira ', 'shira', '2022-12-29 08:26:20', '2022-12-29 08:26:20', NULL),
(1743, 'Shobir ', 'shobir', '2022-12-29 08:26:20', '2022-12-29 08:26:20', NULL),
(1744, 'Shula ', 'shula', '2022-12-29 08:26:20', '2022-12-29 08:26:20', NULL),
(1745, 'Shunnar ', 'shunnar', '2022-12-29 08:26:20', '2022-12-29 08:26:20', NULL),
(1746, 'Shuoxue ', 'shuoxue', '2022-12-29 08:26:20', '2022-12-29 08:26:20', NULL),
(1747, 'Shuwan ', 'shuwan', '2022-12-29 08:26:20', '2022-12-29 08:26:20', NULL),
(1748, 'Sidra ', 'sidra', '2022-12-29 08:26:20', '2022-12-29 08:26:20', NULL),
(1749, 'Sigra ', 'sigra', '2022-12-29 08:26:20', '2022-12-29 08:26:20', NULL),
(1750, 'Silawarti ', 'silawarti', '2022-12-29 08:26:20', '2022-12-29 08:26:20', NULL),
(1751, 'Speranza ', 'speranza', '2022-12-29 08:26:20', '2022-12-29 08:26:20', NULL),
(1752, 'Stina ', 'stina', '2022-12-29 08:26:20', '2022-12-29 08:26:20', NULL),
(1753, 'Sulthanah ', 'sulthanah', '2022-12-29 08:26:20', '2022-12-29 08:26:20', NULL),
(1754, 'Sumina ', 'sumina', '2022-12-29 08:26:20', '2022-12-29 08:26:20', NULL),
(1755, 'Sunee ', 'sunee', '2022-12-29 08:26:20', '2022-12-29 08:26:20', NULL),
(1756, 'Suniyyah ', 'suniyyah', '2022-12-29 08:26:20', '2022-12-29 08:26:20', NULL),
(1757, 'Supala ', 'supala', '2022-12-29 08:26:20', '2022-12-29 08:26:20', NULL),
(1758, 'Surur ', 'surur', '2022-12-29 08:26:20', '2022-12-29 08:26:20', NULL),
(1759, 'Syandana ', 'syandana', '2022-12-29 08:26:20', '2022-12-29 08:26:20', NULL),
(1760, 'Syauq ', 'syauq', '2022-12-29 08:26:20', '2022-12-29 08:26:20', NULL),
(1761, 'Syua ', 'syua', '2022-12-29 08:26:20', '2022-12-29 08:26:20', NULL),
(1762, 'Syuja\' ', 'syuja', '2022-12-29 08:26:20', '2022-12-29 08:26:20', NULL),
(1763, 'Tabia ', 'tabia', '2022-12-29 08:26:20', '2022-12-29 08:26:20', NULL),
(1764, 'Tabina ', 'tabina', '2022-12-29 08:26:20', '2022-12-29 08:26:20', NULL),
(1765, 'Tabitha ', 'tabitha', '2022-12-29 08:26:20', '2022-12-29 08:26:20', NULL),
(1766, 'Tadita ', 'tadita', '2022-12-29 08:26:20', '2022-12-29 08:26:20', NULL),
(1767, 'Tadya ', 'tadya', '2022-12-29 08:26:20', '2022-12-29 08:26:20', NULL),
(1768, 'Tahira ', 'tahira', '2022-12-29 08:26:20', '2022-12-29 08:26:20', NULL),
(1769, 'Taksa ', 'taksa', '2022-12-29 08:26:20', '2022-12-29 08:26:20', NULL),
(1770, 'Talidah ', 'talidah', '2022-12-29 08:26:20', '2022-12-29 08:26:20', NULL),
(1771, 'Talitha ', 'talitha', '2022-12-29 08:26:20', '2022-12-29 08:26:20', NULL),
(1772, 'Tamim ', 'tamim', '2022-12-29 08:26:20', '2022-12-29 08:26:20', NULL),
(1773, 'Tansy ', 'tansy', '2022-12-29 08:26:20', '2022-12-29 08:26:20', NULL),
(1774, 'Taoran ', 'taoran', '2022-12-29 08:26:20', '2022-12-29 08:26:20', NULL),
(1775, 'Taqi ', 'taqi', '2022-12-29 08:26:20', '2022-12-29 08:26:20', NULL),
(1776, 'Taraka ', 'taraka', '2022-12-29 08:26:20', '2022-12-29 08:26:20', NULL),
(1777, 'Tasanee ', 'tasanee', '2022-12-29 08:26:20', '2022-12-29 08:26:20', NULL),
(1778, 'Tauhid ', 'tauhid', '2022-12-29 08:26:20', '2022-12-29 08:26:20', NULL),
(1779, 'Tawaddud ', 'tawaddud', '2022-12-29 08:26:20', '2022-12-29 08:26:20', NULL),
(1780, 'Teripta ', 'teripta', '2022-12-29 08:26:20', '2022-12-29 08:26:20', NULL),
(1781, 'Tertia ', 'tertia', '2022-12-29 08:26:20', '2022-12-29 08:26:20', NULL),
(1782, 'Tevy ', 'tevy', '2022-12-29 08:26:20', '2022-12-29 08:26:20', NULL),
(1783, 'Thahir  ', 'thahir', '2022-12-29 08:26:20', '2022-12-29 08:26:20', NULL),
(1784, 'Theobald ', 'theobald', '2022-12-29 08:26:20', '2022-12-29 08:26:20', NULL),
(1785, 'Theona ', 'theona', '2022-12-29 08:26:20', '2022-12-29 08:26:20', NULL),
(1786, 'Tianba ', 'tianba', '2022-12-29 08:26:20', '2022-12-29 08:26:20', NULL),
(1787, 'Tianlun Le ', 'tianlun-le', '2022-12-29 08:26:20', '2022-12-29 08:26:20', NULL),
(1788, 'Tianzhi ', 'tianzhi', '2022-12-29 08:26:20', '2022-12-29 08:26:20', NULL),
(1789, 'Tibra ', 'tibra', '2022-12-29 08:26:20', '2022-12-29 08:26:20', NULL),
(1790, 'Tobias ', 'tobias', '2022-12-29 08:26:20', '2022-12-29 08:26:20', NULL),
(1791, 'Tong mu ', 'tong-mu', '2022-12-29 08:26:20', '2022-12-29 08:26:20', NULL),
(1792, 'Tongcai ', 'tongcai', '2022-12-29 08:26:20', '2022-12-29 08:26:20', NULL),
(1793, 'Toshi-Shitas ', 'toshi-shitas', '2022-12-29 08:26:20', '2022-12-29 08:26:20', NULL),
(1794, 'Toyadi ', 'toyadi', '2022-12-29 08:26:20', '2022-12-29 08:26:20', NULL),
(1795, 'Trina ', 'trina', '2022-12-29 08:26:20', '2022-12-29 08:26:20', NULL),
(1796, 'Tristan ', 'tristan', '2022-12-29 08:26:20', '2022-12-29 08:26:20', NULL),
(1797, 'Trygve ', 'trygve', '2022-12-29 08:26:20', '2022-12-29 08:26:20', NULL),
(1798, 'Tsabat ', 'tsabat', '2022-12-29 08:26:20', '2022-12-29 08:26:20', NULL),
(1799, 'Tsabitah ', 'tsabitah', '2022-12-29 08:26:20', '2022-12-29 08:26:20', NULL),
(1800, 'Tsaqib ', 'tsaqib', '2022-12-29 08:26:20', '2022-12-29 08:26:20', NULL),
(1801, 'Tsary ', 'tsary', '2022-12-29 08:26:20', '2022-12-29 08:26:20', NULL),
(1802, 'Tuoli ', 'tuoli', '2022-12-29 08:26:20', '2022-12-29 08:26:20', NULL),
(1803, 'Tuyen ', 'tuyen', '2022-12-29 08:26:20', '2022-12-29 08:26:20', NULL),
(1804, 'Tyaga ', 'tyaga', '2022-12-29 08:26:20', '2022-12-29 08:26:20', NULL),
(1805, 'Ubadah ', 'ubadah', '2022-12-29 08:26:20', '2022-12-29 08:26:20', NULL),
(1806, 'Uistean ', 'uistean', '2022-12-29 08:26:20', '2022-12-29 08:26:20', NULL),
(1807, 'Ulani ', 'ulani', '2022-12-29 08:26:20', '2022-12-29 08:26:20', NULL),
(1808, 'Ulfah ', 'ulfah', '2022-12-29 08:26:20', '2022-12-29 08:26:20', NULL),
(1809, 'Ulima ', 'ulima', '2022-12-29 08:26:20', '2022-12-29 08:26:20', NULL),
(1810, 'Umeko ', 'umeko', '2022-12-29 08:26:20', '2022-12-29 08:26:20', NULL),
(1811, 'Ummiyah ', 'ummiyah', '2022-12-29 08:26:20', '2022-12-29 08:26:20', NULL),
(1812, 'Urdha ', 'urdha', '2022-12-29 08:26:20', '2022-12-29 08:26:20', NULL),
(1813, 'Vala ', 'vala', '2022-12-29 08:26:20', '2022-12-29 08:26:20', NULL),
(1814, 'Valerie ', 'valerie', '2022-12-29 08:26:20', '2022-12-29 08:26:20', NULL),
(1815, 'Vania ', 'vania', '2022-12-29 08:26:20', '2022-12-29 08:26:20', NULL),
(1816, 'Vega ', 'vega', '2022-12-29 08:26:20', '2022-12-29 08:26:20', NULL),
(1817, 'Vegard ', 'vegard', '2022-12-29 08:26:20', '2022-12-29 08:26:20', NULL),
(1818, 'Velma ', 'velma', '2022-12-29 08:26:20', '2022-12-29 08:26:20', NULL),
(1819, 'Verda ', 'verda', '2022-12-29 08:26:20', '2022-12-29 08:26:20', NULL),
(1820, 'Vincent ', 'vincent', '2022-12-29 08:26:20', '2022-12-29 08:26:20', NULL),
(1821, 'Vondro ', 'vondro', '2022-12-29 08:26:20', '2022-12-29 08:26:20', NULL),
(1822, 'Wadi ', 'wadi', '2022-12-29 08:26:20', '2022-12-29 08:26:20', NULL),
(1823, 'Wadud ', 'wadud', '2022-12-29 08:26:20', '2022-12-29 08:26:20', NULL),
(1824, 'Wagindra ', 'wagindra', '2022-12-29 08:26:20', '2022-12-29 08:26:20', NULL),
(1825, 'Waiduri ', 'waiduri', '2022-12-29 08:26:20', '2022-12-29 08:26:20', NULL),
(1826, 'Wajendra ', 'wajendra', '2022-12-29 08:26:20', '2022-12-29 08:26:20', NULL),
(1827, 'Wajih ', 'wajih', '2022-12-29 08:26:20', '2022-12-29 08:26:20', NULL),
(1828, 'Walmond ', 'walmond', '2022-12-29 08:26:20', '2022-12-29 08:26:20', NULL),
(1829, 'Wang Chunying ', 'wang-chunying', '2022-12-29 08:26:20', '2022-12-29 08:26:20', NULL),
(1830, 'Wang Dunrui ', 'wang-dunrui', '2022-12-29 08:26:20', '2022-12-29 08:26:20', NULL),
(1831, 'Wang Wenxiao ', 'wang-wenxiao', '2022-12-29 08:26:20', '2022-12-29 08:26:20', NULL),
(1832, 'Wang Xiaohui ', 'wang-xiaohui', '2022-12-29 08:26:20', '2022-12-29 08:26:20', NULL),
(1833, 'Wang Xuemin ', 'wang-xuemin', '2022-12-29 08:26:20', '2022-12-29 08:26:20', NULL),
(1834, 'Wang Xuesi ', 'wang-xuesi', '2022-12-29 08:26:20', '2022-12-29 08:26:20', NULL),
(1835, 'Wang Zeming ', 'wang-zeming', '2022-12-29 08:26:20', '2022-12-29 08:26:20', NULL),
(1836, 'Wangting ', 'wangting', '2022-12-29 08:26:20', '2022-12-29 08:26:20', NULL),
(1837, 'Waradana ', 'waradana', '2022-12-29 08:26:20', '2022-12-29 08:26:20', NULL),
(1838, 'Wasim ', 'wasim', '2022-12-29 08:26:20', '2022-12-29 08:26:20', NULL),
(1839, 'Wastiqah ', 'wastiqah', '2022-12-29 08:26:20', '2022-12-29 08:26:20', NULL),
(1840, 'Wastu ', 'wastu', '2022-12-29 08:26:20', '2022-12-29 08:26:20', NULL),
(1841, 'Weida ', 'weida', '2022-12-29 08:26:20', '2022-12-29 08:26:20', NULL),
(1842, 'Weiheng ', 'weiheng', '2022-12-29 08:26:20', '2022-12-29 08:26:20', NULL),
(1843, 'Wenhua ', 'wenhua', '2022-12-29 08:26:20', '2022-12-29 08:26:20', NULL),
(1844, 'Widati ', 'widati', '2022-12-29 08:26:20', '2022-12-29 08:26:20', NULL),
(1845, 'Wikrama ', 'wikrama', '2022-12-29 08:26:20', '2022-12-29 08:26:20', NULL),
(1846, 'Wilasa ', 'wilasa', '2022-12-29 08:26:20', '2022-12-29 08:26:20', NULL),
(1847, 'Winda ', 'winda', '2022-12-29 08:26:20', '2022-12-29 08:26:20', NULL),
(1848, 'Winna ', 'winna', '2022-12-29 08:26:20', '2022-12-29 08:26:20', NULL),
(1849, 'Winola ', 'winola', '2022-12-29 08:26:20', '2022-12-29 08:26:20', NULL),
(1850, 'Winona ', 'winona', '2022-12-29 08:26:20', '2022-12-29 08:26:20', NULL),
(1851, 'Wirasana ', 'wirasana', '2022-12-29 08:26:20', '2022-12-29 08:26:20', NULL),
(1852, 'Wirasena ', 'wirasena', '2022-12-29 08:26:20', '2022-12-29 08:26:20', NULL),
(1853, 'Wistara ', 'wistara', '2022-12-29 08:26:20', '2022-12-29 08:26:20', NULL),
(1854, 'Wursita ', 'wursita', '2022-12-29 08:26:20', '2022-12-29 08:26:20', NULL),
(1855, 'Xabat ', 'xabat', '2022-12-29 08:26:20', '2022-12-29 08:26:20', NULL),
(1856, 'Xianlun ', 'xianlun', '2022-12-29 08:26:20', '2022-12-29 08:26:20', NULL),
(1857, 'Xingguang Zhao ', 'xingguang-zhao', '2022-12-29 08:26:20', '2022-12-29 08:26:20', NULL),
(1858, 'Xinxin ', 'xinxin', '2022-12-29 08:26:20', '2022-12-29 08:26:20', NULL),
(1859, 'Xionglue ', 'xionglue', '2022-12-29 08:26:20', '2022-12-29 08:26:20', NULL),
(1860, 'Yasykur ', 'yasykur', '2022-12-29 08:26:20', '2022-12-29 08:26:20', NULL),
(1861, 'Yatha ', 'yatha', '2022-12-29 08:26:20', '2022-12-29 08:26:20', NULL),
(1862, 'Yelu ', 'yelu', '2022-12-29 08:26:20', '2022-12-29 08:26:20', NULL),
(1863, 'Yichang ', 'yichang', '2022-12-29 08:26:20', '2022-12-29 08:26:20', NULL),
(1864, 'Yihua ', 'yihua', '2022-12-29 08:26:20', '2022-12-29 08:26:20', NULL),
(1865, 'Yiran ', 'yiran', '2022-12-29 08:26:20', '2022-12-29 08:26:20', NULL),
(1866, 'Yizhen ', 'yizhen', '2022-12-29 08:26:20', '2022-12-29 08:26:20', NULL),
(1867, 'Yocelyn ', 'yocelyn', '2022-12-29 08:26:20', '2022-12-29 08:26:20', NULL),
(1868, 'Yodha ', 'yodha', '2022-12-29 08:26:20', '2022-12-29 08:26:20', NULL),
(1869, 'Yogini ', 'yogini', '2022-12-29 08:26:20', '2022-12-29 08:26:20', NULL),
(1870, 'Yongsheng ', 'yongsheng', '2022-12-29 08:26:20', '2022-12-29 08:26:20', NULL),
(1871, 'Yueyin ', 'yueyin', '2022-12-29 08:26:20', '2022-12-29 08:26:20', NULL),
(1872, 'Yuwen ', 'yuwen', '2022-12-29 08:26:20', '2022-12-29 08:26:20', NULL),
(1873, 'Zahid ', 'zahid', '2022-12-29 08:26:20', '2022-12-29 08:26:20', NULL),
(1874, 'Zahirah ', 'zahirah', '2022-12-29 08:26:20', '2022-12-29 08:26:20', NULL),
(1875, 'Zakiyah ', 'zakiyah', '2022-12-29 08:26:20', '2022-12-29 08:26:20', NULL),
(1876, 'Zamira ', 'zamira', '2022-12-29 08:26:20', '2022-12-29 08:26:20', NULL),
(1877, 'Zebediah ', 'zebediah', '2022-12-29 08:26:20', '2022-12-29 08:26:20', NULL),
(1878, 'Zhabyah ', 'zhabyah', '2022-12-29 08:26:20', '2022-12-29 08:26:20', NULL),
(1879, 'Zhafif ', 'zhafif', '2022-12-29 08:26:20', '2022-12-29 08:26:20', NULL),
(1880, 'Zhafir ', 'zhafir', '2022-12-29 08:26:20', '2022-12-29 08:26:20', NULL),
(1881, 'Zhang Bingjie ', 'zhang-bingjie', '2022-12-29 08:26:20', '2022-12-29 08:26:20', NULL),
(1882, 'Zhang Jiangwu ', 'zhang-jiangwu', '2022-12-29 08:26:20', '2022-12-29 08:26:20', NULL),
(1883, 'Zhang Junda ', 'zhang-junda', '2022-12-29 08:26:20', '2022-12-29 08:26:20', NULL),
(1884, 'Zhang Junqing ', 'zhang-junqing', '2022-12-29 08:26:20', '2022-12-29 08:26:20', NULL),
(1885, 'Zhang Xiuhuan ', 'zhang-xiuhuan', '2022-12-29 08:26:20', '2022-12-29 08:26:20', NULL),
(1886, 'Zhang Xuemei ', 'zhang-xuemei', '2022-12-29 08:26:20', '2022-12-29 08:26:20', NULL),
(1887, 'Zhaoyang Hong ', 'zhaoyang-hong', '2022-12-29 08:26:20', '2022-12-29 08:26:20', NULL),
(1888, 'Zhilin ', 'zhilin', '2022-12-29 08:26:20', '2022-12-29 08:26:20', NULL),
(1889, 'Zhiping ', 'zhiping', '2022-12-29 08:26:20', '2022-12-29 08:26:20', NULL),
(1890, 'Zhishu ', 'zhishu', '2022-12-29 08:26:20', '2022-12-29 08:26:20', NULL),
(1891, 'Zhuting ', 'zhuting', '2022-12-29 08:26:20', '2022-12-29 08:26:20', NULL),
(1892, 'Ziskind ', 'ziskind', '2022-12-29 08:26:20', '2022-12-29 08:26:20', NULL),
(1893, 'Zita ', 'zita', '2022-12-29 08:26:20', '2022-12-29 08:26:20', NULL),
(1894, 'Zohar ', 'zohar', '2022-12-29 08:26:20', '2022-12-29 08:26:20', NULL),
(1895, 'Zongheng ', 'zongheng', '2022-12-29 08:26:20', '2022-12-29 08:26:20', NULL),
(1896, 'Zuhayr ', 'zuhayr', '2022-12-29 08:26:20', '2022-12-29 08:26:20', NULL);

--
-- Indexes for dumped tables
--

--
-- Indeks untuk tabel `books`
--
ALTER TABLE `books`
  ADD PRIMARY KEY (`id`);

--
-- Indeks untuk tabel `book_category`
--
ALTER TABLE `book_category`
  ADD PRIMARY KEY (`id`),
  ADD KEY `book_category_book_id_foreign` (`book_id`),
  ADD KEY `book_category_category_id_foreign` (`category_id`);

--
-- Indeks untuk tabel `book_writer`
--
ALTER TABLE `book_writer`
  ADD PRIMARY KEY (`id`),
  ADD KEY `book_writer_book_id_foreign` (`book_id`),
  ADD KEY `book_writer_writer_id_foreign` (`writer_id`);

--
-- Indeks untuk tabel `categories`
--
ALTER TABLE `categories`
  ADD PRIMARY KEY (`id`);

--
-- Indeks untuk tabel `failed_jobs`
--
ALTER TABLE `failed_jobs`
  ADD PRIMARY KEY (`id`),
  ADD UNIQUE KEY `failed_jobs_uuid_unique` (`uuid`);

--
-- Indeks untuk tabel `migrations`
--
ALTER TABLE `migrations`
  ADD PRIMARY KEY (`id`);

--
-- Indeks untuk tabel `password_resets`
--
ALTER TABLE `password_resets`
  ADD KEY `password_resets_email_index` (`email`);

--
-- Indeks untuk tabel `personal_access_tokens`
--
ALTER TABLE `personal_access_tokens`
  ADD PRIMARY KEY (`id`),
  ADD UNIQUE KEY `personal_access_tokens_token_unique` (`token`),
  ADD KEY `personal_access_tokens_tokenable_type_tokenable_id_index` (`tokenable_type`,`tokenable_id`);

--
-- Indeks untuk tabel `rent_logs`
--
ALTER TABLE `rent_logs`
  ADD PRIMARY KEY (`id`),
  ADD KEY `rent_logs_user_id_foreign` (`user_id`),
  ADD KEY `rent_logs_book_id_foreign` (`book_id`);

--
-- Indeks untuk tabel `roles`
--
ALTER TABLE `roles`
  ADD PRIMARY KEY (`id`);

--
-- Indeks untuk tabel `users`
--
ALTER TABLE `users`
  ADD PRIMARY KEY (`id`),
  ADD UNIQUE KEY `users_username_unique` (`username`),
  ADD KEY `users_role_id_foreign` (`role_id`);

--
-- Indeks untuk tabel `writers`
--
ALTER TABLE `writers`
  ADD PRIMARY KEY (`id`);

--
-- AUTO_INCREMENT untuk tabel yang dibuang
--

--
-- AUTO_INCREMENT untuk tabel `books`
--
ALTER TABLE `books`
  MODIFY `id` bigint(20) UNSIGNED NOT NULL AUTO_INCREMENT, AUTO_INCREMENT=4;

--
-- AUTO_INCREMENT untuk tabel `book_category`
--
ALTER TABLE `book_category`
  MODIFY `id` bigint(20) UNSIGNED NOT NULL AUTO_INCREMENT, AUTO_INCREMENT=3;

--
-- AUTO_INCREMENT untuk tabel `book_writer`
--
ALTER TABLE `book_writer`
  MODIFY `id` bigint(20) UNSIGNED NOT NULL AUTO_INCREMENT;

--
-- AUTO_INCREMENT untuk tabel `categories`
--
ALTER TABLE `categories`
  MODIFY `id` bigint(20) UNSIGNED NOT NULL AUTO_INCREMENT, AUTO_INCREMENT=11;

--
-- AUTO_INCREMENT untuk tabel `failed_jobs`
--
ALTER TABLE `failed_jobs`
  MODIFY `id` bigint(20) UNSIGNED NOT NULL AUTO_INCREMENT;

--
-- AUTO_INCREMENT untuk tabel `migrations`
--
ALTER TABLE `migrations`
  MODIFY `id` int(10) UNSIGNED NOT NULL AUTO_INCREMENT, AUTO_INCREMENT=23;

--
-- AUTO_INCREMENT untuk tabel `personal_access_tokens`
--
ALTER TABLE `personal_access_tokens`
  MODIFY `id` bigint(20) UNSIGNED NOT NULL AUTO_INCREMENT;

--
-- AUTO_INCREMENT untuk tabel `rent_logs`
--
ALTER TABLE `rent_logs`
  MODIFY `id` bigint(20) UNSIGNED NOT NULL AUTO_INCREMENT, AUTO_INCREMENT=6;

--
-- AUTO_INCREMENT untuk tabel `roles`
--
ALTER TABLE `roles`
  MODIFY `id` bigint(20) UNSIGNED NOT NULL AUTO_INCREMENT, AUTO_INCREMENT=3;

--
-- AUTO_INCREMENT untuk tabel `users`
--
ALTER TABLE `users`
  MODIFY `id` bigint(20) UNSIGNED NOT NULL AUTO_INCREMENT, AUTO_INCREMENT=291;

--
-- AUTO_INCREMENT untuk tabel `writers`
--
ALTER TABLE `writers`
  MODIFY `id` bigint(20) UNSIGNED NOT NULL AUTO_INCREMENT, AUTO_INCREMENT=1897;

--
-- Ketidakleluasaan untuk tabel pelimpahan (Dumped Tables)
--

--
-- Ketidakleluasaan untuk tabel `book_category`
--
ALTER TABLE `book_category`
  ADD CONSTRAINT `book_category_book_id_foreign` FOREIGN KEY (`book_id`) REFERENCES `books` (`id`),
  ADD CONSTRAINT `book_category_category_id_foreign` FOREIGN KEY (`category_id`) REFERENCES `categories` (`id`);

--
-- Ketidakleluasaan untuk tabel `book_writer`
--
ALTER TABLE `book_writer`
  ADD CONSTRAINT `book_writer_book_id_foreign` FOREIGN KEY (`book_id`) REFERENCES `books` (`id`),
  ADD CONSTRAINT `book_writer_writer_id_foreign` FOREIGN KEY (`writer_id`) REFERENCES `writers` (`id`);

--
-- Ketidakleluasaan untuk tabel `rent_logs`
--
ALTER TABLE `rent_logs`
  ADD CONSTRAINT `rent_logs_book_id_foreign` FOREIGN KEY (`book_id`) REFERENCES `books` (`id`),
  ADD CONSTRAINT `rent_logs_user_id_foreign` FOREIGN KEY (`user_id`) REFERENCES `users` (`id`);

--
-- Ketidakleluasaan untuk tabel `users`
--
ALTER TABLE `users`
  ADD CONSTRAINT `users_role_id_foreign` FOREIGN KEY (`role_id`) REFERENCES `roles` (`id`);
COMMIT;

/*!40101 SET CHARACTER_SET_CLIENT=@OLD_CHARACTER_SET_CLIENT */;
/*!40101 SET CHARACTER_SET_RESULTS=@OLD_CHARACTER_SET_RESULTS */;
/*!40101 SET COLLATION_CONNECTION=@OLD_COLLATION_CONNECTION */;
